category,subcategory,lab,item,attribute,value,unit,status,effective_date,raw_text,source_sheet,row,col,notes
電力系統能力,AC 單相電力,Audix,AC 單相電力,voltage,0-310,V,,,0-310V 45-65HZ 75KVA,電力系統能力,2,2,
電力系統能力,AC 單相電力,Audix,AC 單相電力,power,75,kVA,,,0-310V 45-65HZ 75KVA,電力系統能力,2,2,
電力系統能力,AC 單相電力,Audix,AC 單相電力,frequency_range,45-65,Hz,,,0-310V 45-65HZ 75KVA,電力系統能力,2,2,
電力系統能力,AC 三相電力,Audix,AC 三相電力,voltage,0-310,V,,,3P 4W+G 0-310V 45-65HZ 300KVA,電力系統能力,3,2,
電力系統能力,AC 三相電力,Audix,AC 三相電力,power,300,kVA,,,3P 4W+G 0-310V 45-65HZ 300KVA,電力系統能力,3,2,
電力系統能力,AC 三相電力,Audix,AC 三相電力,power,4,W,,,3P 4W+G 0-310V 45-65HZ 300KVA,電力系統能力,3,2,
電力系統能力,AC 三相電力,Audix,AC 三相電力,frequency_range,45-65,Hz,,,3P 4W+G 0-310V 45-65HZ 300KVA,電力系統能力,3,2,
電力系統能力,DC 電力,Audix,DC 電力,voltage,100,V,,,"1. 100V / 100A /   5KW 
2. 360V / 240A / 30KW
3. 400V /   75A / 30KW",電力系統能力,4,2,
電力系統能力,DC 電力,Audix,DC 電力,voltage,360,V,,,"1. 100V / 100A /   5KW 
2. 360V / 240A / 30KW
3. 400V /   75A / 30KW",電力系統能力,4,2,
電力系統能力,DC 電力,Audix,DC 電力,voltage,400,V,,,"1. 100V / 100A /   5KW 
2. 360V / 240A / 30KW
3. 400V /   75A / 30KW",電力系統能力,4,2,
電力系統能力,DC 電力,Audix,DC 電力,current,100,A,,,"1. 100V / 100A /   5KW 
2. 360V / 240A / 30KW
3. 400V /   75A / 30KW",電力系統能力,4,2,
電力系統能力,DC 電力,Audix,DC 電力,current,240,A,,,"1. 100V / 100A /   5KW 
2. 360V / 240A / 30KW
3. 400V /   75A / 30KW",電力系統能力,4,2,
電力系統能力,DC 電力,Audix,DC 電力,current,75,A,,,"1. 100V / 100A /   5KW 
2. 360V / 240A / 30KW
3. 400V /   75A / 30KW",電力系統能力,4,2,
電力系統能力,DC 電力,Audix,DC 電力,power,5,kW,,,"1. 100V / 100A /   5KW 
2. 360V / 240A / 30KW
3. 400V /   75A / 30KW",電力系統能力,4,2,
電力系統能力,DC 電力,Audix,DC 電力,power,30,kW,,,"1. 100V / 100A /   5KW 
2. 360V / 240A / 30KW
3. 400V /   75A / 30KW",電力系統能力,4,2,
電力系統能力,DC 電力,Audix,DC 電力,power,30,kW,,,"1. 100V / 100A /   5KW 
2. 360V / 240A / 30KW
3. 400V /   75A / 30KW",電力系統能力,4,2,
電力系統能力,AC 負載,Audix,AC 負載,power,300,kVA,,,<300KVA,電力系統能力,5,2,
電力系統能力,DC 負載,Audix,DC 負載,power,20,kW,,,<20KW,電力系統能力,6,2,
電力系統能力,最大烤箱,Audix,最大烤箱,raw_text,"1. Temperature: 0-80°C / Temp./RH: 
(30°C/30%RH, 40°C/95%RH, 60°C/95%RH) / 
內部尺寸：200 x 300 x 180(H) cm
2. Temperature: -20-80°C / Temp./RH:
(30°C/95%RH, 40°C/95%Rh, 70°C/95%RH) / 
內部尺寸：300 x 250 x 203(H) cm",,,,"1. Temperature: 0-80°C / Temp./RH: 
(30°C/30%RH, 40°C/95%RH, 60°C/95%RH) / 
內部尺寸：200 x 300 x 180(H) cm
2. Temperature: -20-80°C / Temp./RH:
(30°C/95%RH, 40°C/95%Rh, 70°C/95%RH) / 
內部尺寸：300 x 250 x 203(H) cm",電力系統能力,7,2,
電力系統能力,Gasket 拉伸,Audix,Gasket 拉伸,raw_text,有設備(未校正),,,,有設備(未校正),電力系統能力,9,2,
電力系統能力,水塔與冰水機,Audix,水塔與冰水機,cooling_capacity,10,RT,,,"10RT冷却水塔 / 流量130LPM 
冷卻能力39000KCal/hr, 
1HP臥式循環水泵/ 流量90LPM",電力系統能力,10,2,
其他服務,,Audix,,raw_text,BTL / 龜山區文工一路298巷91號,,規劃中,,BTL / 龜山區文工一路298巷91號,其他服務,14,4,
其他服務,,Audix,,raw_text,UL/IEC 62368-1,,目前服務,,UL/IEC 62368-1,其他服務,16,1,
其他服務,,Audix,,raw_text,AI Server EMC,,目前服務,,AI Server EMC,其他服務,16,4,
其他服務,,Audix,,raw_text,"光寶(PSU, CDU)、廣達、鴻海、英業達
、緯創/ Microsoft, Meta, Google, Amazson",,目前服務,,"光寶(PSU, CDU)、廣達、鴻海、英業達
、緯創/ Microsoft, Meta, Google, Amazson",其他服務,16,5,
其他服務,,Audix,,raw_text,IEC/CNS 60335-1-2-X,,目前服務,,IEC/CNS 60335-1-2-X,其他服務,17,1,
其他服務,,Audix,,raw_text,JQA S-MARK,,目前服務,,JQA S-MARK,其他服務,18,1,
其他服務,,Audix,,raw_text,ErP & EPA,,目前服務,,ErP & EPA,其他服務,19,1,
其他服務,,Audix,,raw_text,船舶 鐵道 電廠 EMC,,目前服務,,船舶 鐵道 電廠 EMC,其他服務,19,4,
其他服務,,Audix,,raw_text,IEC/CNS 18031-1-2-3,,規劃中,,IEC/CNS 18031-1-2-3,其他服務,21,1,
其他服務,,Audix,,raw_text,鐵道 Safety,,規劃中,,鐵道 Safety,其他服務,21,4,
其他服務,,Audix,,effective_date,2026/4/30,date,計畫(預計),2026/4/30,預計2026/4/30以後,其他服務,21,5,
其他服務,,Audix,,status,計畫(預計),,計畫(預計),2026/4/30,預計2026/4/30以後,其他服務,21,5,
其他服務,,Audix,,raw_text,EN 303645,,規劃中,,EN 303645,其他服務,22,1,
其他服務,,Audix,,raw_text,電廠 Safety,,規劃中,,電廠 Safety,其他服務,22,4,
其他服務,,Audix,,effective_date,2026/4/30,date,計畫(預計),2026/4/30,預計2026/4/30以後,其他服務,22,5,
其他服務,,Audix,,status,計畫(預計),,計畫(預計),2026/4/30,預計2026/4/30以後,其他服務,22,5,
其他服務,,Audix,,raw_text,除濕機可燃式冷媒,,規劃中,,除濕機可燃式冷媒,其他服務,23,1,
其他服務,,Audix,,raw_text,AI Server Safety,,規劃中,,AI Server Safety,其他服務,23,4,
其他服務,,Audix,,effective_date,2026/4/30,date,計畫(預計),2026/4/30,預計2026/4/30以後,其他服務,23,5,
其他服務,,Audix,,status,計畫(預計),,計畫(預計),2026/4/30,預計2026/4/30以後,其他服務,23,5,
其他服務,,Audix,,raw_text,CNS 62133-2,,規劃中,,CNS 62133-2,其他服務,24,1,
其他服務,,Audix,,raw_text,Server 能效(歐美),,規劃中,,Server 能效(歐美),其他服務,24,4,
其他服務,,Audix,,effective_date,2026/4/30,date,計畫(預計),2026/4/30,預計2026/4/30以後,其他服務,24,5,
其他服務,,Audix,,status,計畫(預計),,計畫(預計),2026/4/30,預計2026/4/30以後,其他服務,24,5,
電力系統能力,AC 單相電力,BTL,AC 單相電力,effective_date,2026/4/30,date,計畫(預計),2026/4/30,"0-450Vac, 228A, 150kVA 
(預計2026/4/30以後)",電力系統能力,2,3,
電力系統能力,AC 單相電力,BTL,AC 單相電力,status,計畫(預計),,計畫(預計),2026/4/30,"0-450Vac, 228A, 150kVA 
(預計2026/4/30以後)",電力系統能力,2,3,
電力系統能力,AC 單相電力,BTL,AC 單相電力,voltage,0-450,V,計畫(預計),2026/4/30,"0-450Vac, 228A, 150kVA 
(預計2026/4/30以後)",電力系統能力,2,3,
電力系統能力,AC 單相電力,BTL,AC 單相電力,current,228,A,計畫(預計),2026/4/30,"0-450Vac, 228A, 150kVA 
(預計2026/4/30以後)",電力系統能力,2,3,
電力系統能力,AC 單相電力,BTL,AC 單相電力,power,150,kVA,計畫(預計),2026/4/30,"0-450Vac, 228A, 150kVA 
(預計2026/4/30以後)",電力系統能力,2,3,
電力系統能力,AC 三相電力,BTL,AC 三相電力,effective_date,2026/4/30,date,計畫(預計),2026/4/30,"0-450Vac, 228A, 150kVA 
(預計2026/4/30以後)",電力系統能力,3,3,
電力系統能力,AC 三相電力,BTL,AC 三相電力,status,計畫(預計),,計畫(預計),2026/4/30,"0-450Vac, 228A, 150kVA 
(預計2026/4/30以後)",電力系統能力,3,3,
電力系統能力,AC 三相電力,BTL,AC 三相電力,voltage,0-450,V,計畫(預計),2026/4/30,"0-450Vac, 228A, 150kVA 
(預計2026/4/30以後)",電力系統能力,3,3,
電力系統能力,AC 三相電力,BTL,AC 三相電力,current,228,A,計畫(預計),2026/4/30,"0-450Vac, 228A, 150kVA 
(預計2026/4/30以後)",電力系統能力,3,3,
電力系統能力,AC 三相電力,BTL,AC 三相電力,power,150,kVA,計畫(預計),2026/4/30,"0-450Vac, 228A, 150kVA 
(預計2026/4/30以後)",電力系統能力,3,3,
電力系統能力,DC 電力,BTL,DC 電力,effective_date,2026/4/30,date,計畫(預計),2026/4/30,"1500Vdc, 200A, 150kW 
(預計2026/4/30以後)",電力系統能力,4,3,
電力系統能力,DC 電力,BTL,DC 電力,status,計畫(預計),,計畫(預計),2026/4/30,"1500Vdc, 200A, 150kW 
(預計2026/4/30以後)",電力系統能力,4,3,
電力系統能力,DC 電力,BTL,DC 電力,voltage,1500,V,計畫(預計),2026/4/30,"1500Vdc, 200A, 150kW 
(預計2026/4/30以後)",電力系統能力,4,3,
電力系統能力,DC 電力,BTL,DC 電力,current,200,A,計畫(預計),2026/4/30,"1500Vdc, 200A, 150kW 
(預計2026/4/30以後)",電力系統能力,4,3,
電力系統能力,DC 電力,BTL,DC 電力,power,150,kW,計畫(預計),2026/4/30,"1500Vdc, 200A, 150kW 
(預計2026/4/30以後)",電力系統能力,4,3,
電力系統能力,DC 負載,BTL,DC 負載,effective_date,2026/4/30,date,計畫(預計),2026/4/30,"0-80Vdc, 340A, 30KW  
(預計2026/4/30以後)",電力系統能力,6,3,
電力系統能力,DC 負載,BTL,DC 負載,status,計畫(預計),,計畫(預計),2026/4/30,"0-80Vdc, 340A, 30KW  
(預計2026/4/30以後)",電力系統能力,6,3,
電力系統能力,DC 負載,BTL,DC 負載,voltage,0-80,V,計畫(預計),2026/4/30,"0-80Vdc, 340A, 30KW  
(預計2026/4/30以後)",電力系統能力,6,3,
電力系統能力,DC 負載,BTL,DC 負載,current,340,A,計畫(預計),2026/4/30,"0-80Vdc, 340A, 30KW  
(預計2026/4/30以後)",電力系統能力,6,3,
電力系統能力,DC 負載,BTL,DC 負載,power,30,kW,計畫(預計),2026/4/30,"0-80Vdc, 340A, 30KW  
(預計2026/4/30以後)",電力系統能力,6,3,
電力系統能力,最大烤箱,BTL,最大烤箱,effective_date,2026/4/30,date,計畫(預計),2026/4/30,"尺寸: 測試區 150x75x75cm 
溫溼度範圍: -40℃ to +100℃, 
30％～98％RH
 (預計2026/4/30以後)",電力系統能力,7,3,
電力系統能力,最大烤箱,BTL,最大烤箱,status,計畫(預計),,計畫(預計),2026/4/30,"尺寸: 測試區 150x75x75cm 
溫溼度範圍: -40℃ to +100℃, 
30％～98％RH
 (預計2026/4/30以後)",電力系統能力,7,3,
電力系統能力,最大烤箱,BTL,最大烤箱,dimensions,150x75x75,cm,計畫(預計),2026/4/30,"尺寸: 測試區 150x75x75cm 
溫溼度範圍: -40℃ to +100℃, 
30％～98％RH
 (預計2026/4/30以後)",電力系統能力,7,3,
AI相關產品,,BTL,Switch,raw_text,產品,,,,產品,AI相關產品,21,1,
AI相關產品,,BTL,Switch,raw_text,標準費用與週期,,,,標準費用與週期,AI相關產品,21,2,
AI相關產品,,BTL,Switch,raw_text,經驗與能力,,,,經驗與能力,AI相關產品,21,3,
AI相關產品,,BTL,Server,power,5,kW,,,"單一型號/單一配置, 額定功率5kW以下 NT 66,000, 
每增加1kW*NT 6,600), 4-6 weeks",AI相關產品,22,2,
AI相關產品,,BTL,Server,power,1,kW,,,"單一型號/單一配置, 額定功率5kW以下 NT 66,000, 
每增加1kW*NT 6,600), 4-6 weeks",AI相關產品,22,2,
AI相關產品,,BTL,Server,lead_time,6,weeks,,,"單一型號/單一配置, 額定功率5kW以下 NT 66,000, 
每增加1kW*NT 6,600), 4-6 weeks",AI相關產品,22,2,
AI相關產品,,BTL,Server,fee,66000,NTD,,,"單一型號/單一配置, 額定功率5kW以下 NT 66,000, 
每增加1kW*NT 6,600), 4-6 weeks",AI相關產品,22,2,
AI相關產品,,BTL,Server,fee,6600,NTD,,,"單一型號/單一配置, 額定功率5kW以下 NT 66,000, 
每增加1kW*NT 6,600), 4-6 weeks",AI相關產品,22,2,
AI相關產品,,BTL,Server,raw_text,英業達、鴻海、緯創、綠點,,,,英業達、鴻海、緯創、綠點,AI相關產品,22,3,
AI相關產品,,BTL,Switch,fee,60000,NTD,,,"單一型號/單一配置 NT 60,000起",AI相關產品,23,2,
AI相關產品,,BTL,Switch,raw_text,鴻海、立端、達創,,,,鴻海、立端、達創,AI相關產品,23,3,
AI相關產品,,BTL,AI Power,fee,60000,NTD,,,"單一型號/單一配置 NT 60,000起",AI相關產品,26,2,
AI相關產品,,BTL,AI Power,raw_text,長城、麥格米特、高斯寶、百富士 (China BTL),,,,長城、麥格米特、高斯寶、百富士 (China BTL),AI相關產品,26,3,
AI相關產品,,BTL,Power Shelf,fee,150000,NTD,,,"單一型號/單一配置 NT 150,000起",AI相關產品,27,2,
AI相關產品,,BTL,Power Shelf,raw_text,長城、麥格米特、高斯寶、百富士 (China BTL),,,,長城、麥格米特、高斯寶、百富士 (China BTL),AI相關產品,27,3,
AI相關產品,,BTL,Busbar,fee,60000,NTD,,,"單一型號/單一配置 NT 60,000起",AI相關產品,28,2,
AI相關產品,,BTL,Busbar,raw_text,長城、麥格米特、高斯寶、百富士 (China BTL),,,,長城、麥格米特、高斯寶、百富士 (China BTL),AI相關產品,28,3,
AI相關產品,,BTL,Connector,raw_text,ATC,,,,ATC,AI相關產品,32,1,
電力系統能力,AC 單相電力,ISL,AC 單相電力,voltage,537,V,,,"310/537V, 100A/Ø, 100kVA",電力系統能力,2,4,
電力系統能力,AC 單相電力,ISL,AC 單相電力,current,100,A,,,"310/537V, 100A/Ø, 100kVA",電力系統能力,2,4,
電力系統能力,AC 單相電力,ISL,AC 單相電力,power,100,kVA,,,"310/537V, 100A/Ø, 100kVA",電力系統能力,2,4,
電力系統能力,AC 三相電力,ISL,AC 三相電力,voltage,537,V,,,"310/537V, 100A/Ø, 100kVA",電力系統能力,3,4,
電力系統能力,AC 三相電力,ISL,AC 三相電力,current,100,A,,,"310/537V, 100A/Ø, 100kVA",電力系統能力,3,4,
電力系統能力,AC 三相電力,ISL,AC 三相電力,power,100,kVA,,,"310/537V, 100A/Ø, 100kVA",電力系統能力,3,4,
電力系統能力,DC 電力,ISL,DC 電力,voltage,500,V,,,"500V, 100A, 50kW",電力系統能力,4,4,
電力系統能力,DC 電力,ISL,DC 電力,current,100,A,,,"500V, 100A, 50kW",電力系統能力,4,4,
電力系統能力,DC 電力,ISL,DC 電力,power,50,kW,,,"500V, 100A, 50kW",電力系統能力,4,4,
電力系統能力,DC 負載,ISL,DC 負載,power,3600,W,,,3600W,電力系統能力,6,4,
電力系統能力,最大烤箱,ISL,最大烤箱,dimensions,200x200x210,cm,,,"內部空間尺寸: 200x200x210 (cm); 
溫溼度範圍: -40~100 °C, 98% R.H.",電力系統能力,7,4,
電力系統能力,G.15 加壓設備,ISL,G.15 加壓設備,raw_text,"Y, 包含移動式加壓泵浦",,,,"Y, 包含移動式加壓泵浦",電力系統能力,8,4,
電力系統能力,Gasket 拉伸,ISL,Gasket 拉伸,raw_text,Y,,,,Y,電力系統能力,9,4,
電力系統能力,AC 單相電力,PSE,AC 單相電力,voltage,0-150,V,,,"0-150Vac / 500A; 
0-300Vac / 250A 60KVA",電力系統能力,2,5,
電力系統能力,AC 單相電力,PSE,AC 單相電力,voltage,0-300,V,,,"0-150Vac / 500A; 
0-300Vac / 250A 60KVA",電力系統能力,2,5,
電力系統能力,AC 單相電力,PSE,AC 單相電力,current,500,A,,,"0-150Vac / 500A; 
0-300Vac / 250A 60KVA",電力系統能力,2,5,
電力系統能力,AC 單相電力,PSE,AC 單相電力,current,250,A,,,"0-150Vac / 500A; 
0-300Vac / 250A 60KVA",電力系統能力,2,5,
電力系統能力,AC 單相電力,PSE,AC 單相電力,power,60,kVA,,,"0-150Vac / 500A; 
0-300Vac / 250A 60KVA",電力系統能力,2,5,
電力系統能力,AC 三相電力,PSE,AC 三相電力,voltage,0-150,V,,,"0-150Vac / 252A; 
0-300Vac / 126A",電力系統能力,3,5,
電力系統能力,AC 三相電力,PSE,AC 三相電力,voltage,0-300,V,,,"0-150Vac / 252A; 
0-300Vac / 126A",電力系統能力,3,5,
電力系統能力,AC 三相電力,PSE,AC 三相電力,current,252,A,,,"0-150Vac / 252A; 
0-300Vac / 126A",電力系統能力,3,5,
電力系統能力,AC 三相電力,PSE,AC 三相電力,current,126,A,,,"0-150Vac / 252A; 
0-300Vac / 126A",電力系統能力,3,5,
電力系統能力,DC 電力,PSE,DC 電力,voltage,1000,V,,,1000Vdc / 30A / 30KVA,電力系統能力,4,5,
電力系統能力,DC 電力,PSE,DC 電力,current,30,A,,,1000Vdc / 30A / 30KVA,電力系統能力,4,5,
電力系統能力,DC 電力,PSE,DC 電力,power,30,kVA,,,1000Vdc / 30A / 30KVA,電力系統能力,4,5,
電力系統能力,AC 負載,PSE,AC 負載,power,3000,W,,,可以使用電阻當負載 / 3000W,電力系統能力,5,5,
電力系統能力,DC 負載,PSE,DC 負載,power,3000,W,,,3000W,電力系統能力,6,5,
電力系統能力,最大烤箱,PSE,最大烤箱,raw_text,"尺寸 溫溼度範圍 
50 X 60 X 70 公分 / 95%",,,,"尺寸 溫溼度範圍 
50 X 60 X 70 公分 / 95%",電力系統能力,7,5,
電力系統能力,備註:,PSE,備註:,power,3000,W,,,"基本上power 會以3000W 以下為主, 超過再額外討論",電力系統能力,11,5,
電力系統能力,AC 單相電力,PTC,AC 單相電力,voltage,0-300,V,,,"0-300Vac; 42A; 47-63Hz; 10kVA; 6ea
0-600Vac; 21A; 47-63Hz; 10kVA; 1ea",電力系統能力,2,6,
電力系統能力,AC 單相電力,PTC,AC 單相電力,voltage,0-600,V,,,"0-300Vac; 42A; 47-63Hz; 10kVA; 6ea
0-600Vac; 21A; 47-63Hz; 10kVA; 1ea",電力系統能力,2,6,
電力系統能力,AC 單相電力,PTC,AC 單相電力,current,42,A,,,"0-300Vac; 42A; 47-63Hz; 10kVA; 6ea
0-600Vac; 21A; 47-63Hz; 10kVA; 1ea",電力系統能力,2,6,
電力系統能力,AC 單相電力,PTC,AC 單相電力,current,21,A,,,"0-300Vac; 42A; 47-63Hz; 10kVA; 6ea
0-600Vac; 21A; 47-63Hz; 10kVA; 1ea",電力系統能力,2,6,
電力系統能力,AC 單相電力,PTC,AC 單相電力,power,10,kVA,,,"0-300Vac; 42A; 47-63Hz; 10kVA; 6ea
0-600Vac; 21A; 47-63Hz; 10kVA; 1ea",電力系統能力,2,6,
電力系統能力,AC 單相電力,PTC,AC 單相電力,power,10,kVA,,,"0-300Vac; 42A; 47-63Hz; 10kVA; 6ea
0-600Vac; 21A; 47-63Hz; 10kVA; 1ea",電力系統能力,2,6,
電力系統能力,AC 單相電力,PTC,AC 單相電力,frequency_range,47-63,Hz,,,"0-300Vac; 42A; 47-63Hz; 10kVA; 6ea
0-600Vac; 21A; 47-63Hz; 10kVA; 1ea",電力系統能力,2,6,
電力系統能力,AC 單相電力,PTC,AC 單相電力,frequency_range,47-63,Hz,,,"0-300Vac; 42A; 47-63Hz; 10kVA; 6ea
0-600Vac; 21A; 47-63Hz; 10kVA; 1ea",電力系統能力,2,6,
電力系統能力,AC 單相電力,PTC,AC 單相電力,quantity,6,ea,,,"0-300Vac; 42A; 47-63Hz; 10kVA; 6ea
0-600Vac; 21A; 47-63Hz; 10kVA; 1ea",電力系統能力,2,6,
電力系統能力,AC 單相電力,PTC,AC 單相電力,quantity,1,ea,,,"0-300Vac; 42A; 47-63Hz; 10kVA; 6ea
0-600Vac; 21A; 47-63Hz; 10kVA; 1ea",電力系統能力,2,6,
電力系統能力,AC 三相電力,PTC,AC 三相電力,voltage,0-400,V,,,"0-400Vac(L-N),156A; 
0-692Vac(L-L); 47-63Hz ; 75kW 1ea
0-310Vac(L-N),134A; 
0-536Vac(L-L); 47-63Hz ; 100kW 2ea
0-310Vac(L-N),134A; 
0-536Vac(L-L); 47-63Hz ; 250kW 1ea",電力系統能力,3,6,
電力系統能力,AC 三相電力,PTC,AC 三相電力,voltage,0-692,V,,,"0-400Vac(L-N),156A; 
0-692Vac(L-L); 47-63Hz ; 75kW 1ea
0-310Vac(L-N),134A; 
0-536Vac(L-L); 47-63Hz ; 100kW 2ea
0-310Vac(L-N),134A; 
0-536Vac(L-L); 47-63Hz ; 250kW 1ea",電力系統能力,3,6,
電力系統能力,AC 三相電力,PTC,AC 三相電力,voltage,0-310,V,,,"0-400Vac(L-N),156A; 
0-692Vac(L-L); 47-63Hz ; 75kW 1ea
0-310Vac(L-N),134A; 
0-536Vac(L-L); 47-63Hz ; 100kW 2ea
0-310Vac(L-N),134A; 
0-536Vac(L-L); 47-63Hz ; 250kW 1ea",電力系統能力,3,6,
電力系統能力,AC 三相電力,PTC,AC 三相電力,voltage,0-536,V,,,"0-400Vac(L-N),156A; 
0-692Vac(L-L); 47-63Hz ; 75kW 1ea
0-310Vac(L-N),134A; 
0-536Vac(L-L); 47-63Hz ; 100kW 2ea
0-310Vac(L-N),134A; 
0-536Vac(L-L); 47-63Hz ; 250kW 1ea",電力系統能力,3,6,
電力系統能力,AC 三相電力,PTC,AC 三相電力,voltage,0-310,V,,,"0-400Vac(L-N),156A; 
0-692Vac(L-L); 47-63Hz ; 75kW 1ea
0-310Vac(L-N),134A; 
0-536Vac(L-L); 47-63Hz ; 100kW 2ea
0-310Vac(L-N),134A; 
0-536Vac(L-L); 47-63Hz ; 250kW 1ea",電力系統能力,3,6,
電力系統能力,AC 三相電力,PTC,AC 三相電力,voltage,0-536,V,,,"0-400Vac(L-N),156A; 
0-692Vac(L-L); 47-63Hz ; 75kW 1ea
0-310Vac(L-N),134A; 
0-536Vac(L-L); 47-63Hz ; 100kW 2ea
0-310Vac(L-N),134A; 
0-536Vac(L-L); 47-63Hz ; 250kW 1ea",電力系統能力,3,6,
電力系統能力,AC 三相電力,PTC,AC 三相電力,current,156,A,,,"0-400Vac(L-N),156A; 
0-692Vac(L-L); 47-63Hz ; 75kW 1ea
0-310Vac(L-N),134A; 
0-536Vac(L-L); 47-63Hz ; 100kW 2ea
0-310Vac(L-N),134A; 
0-536Vac(L-L); 47-63Hz ; 250kW 1ea",電力系統能力,3,6,
電力系統能力,AC 三相電力,PTC,AC 三相電力,current,134,A,,,"0-400Vac(L-N),156A; 
0-692Vac(L-L); 47-63Hz ; 75kW 1ea
0-310Vac(L-N),134A; 
0-536Vac(L-L); 47-63Hz ; 100kW 2ea
0-310Vac(L-N),134A; 
0-536Vac(L-L); 47-63Hz ; 250kW 1ea",電力系統能力,3,6,
電力系統能力,AC 三相電力,PTC,AC 三相電力,current,134,A,,,"0-400Vac(L-N),156A; 
0-692Vac(L-L); 47-63Hz ; 75kW 1ea
0-310Vac(L-N),134A; 
0-536Vac(L-L); 47-63Hz ; 100kW 2ea
0-310Vac(L-N),134A; 
0-536Vac(L-L); 47-63Hz ; 250kW 1ea",電力系統能力,3,6,
電力系統能力,AC 三相電力,PTC,AC 三相電力,power,75,kW,,,"0-400Vac(L-N),156A; 
0-692Vac(L-L); 47-63Hz ; 75kW 1ea
0-310Vac(L-N),134A; 
0-536Vac(L-L); 47-63Hz ; 100kW 2ea
0-310Vac(L-N),134A; 
0-536Vac(L-L); 47-63Hz ; 250kW 1ea",電力系統能力,3,6,
電力系統能力,AC 三相電力,PTC,AC 三相電力,power,100,kW,,,"0-400Vac(L-N),156A; 
0-692Vac(L-L); 47-63Hz ; 75kW 1ea
0-310Vac(L-N),134A; 
0-536Vac(L-L); 47-63Hz ; 100kW 2ea
0-310Vac(L-N),134A; 
0-536Vac(L-L); 47-63Hz ; 250kW 1ea",電力系統能力,3,6,
電力系統能力,AC 三相電力,PTC,AC 三相電力,power,250,kW,,,"0-400Vac(L-N),156A; 
0-692Vac(L-L); 47-63Hz ; 75kW 1ea
0-310Vac(L-N),134A; 
0-536Vac(L-L); 47-63Hz ; 100kW 2ea
0-310Vac(L-N),134A; 
0-536Vac(L-L); 47-63Hz ; 250kW 1ea",電力系統能力,3,6,
電力系統能力,AC 三相電力,PTC,AC 三相電力,frequency_range,47-63,Hz,,,"0-400Vac(L-N),156A; 
0-692Vac(L-L); 47-63Hz ; 75kW 1ea
0-310Vac(L-N),134A; 
0-536Vac(L-L); 47-63Hz ; 100kW 2ea
0-310Vac(L-N),134A; 
0-536Vac(L-L); 47-63Hz ; 250kW 1ea",電力系統能力,3,6,
電力系統能力,AC 三相電力,PTC,AC 三相電力,frequency_range,47-63,Hz,,,"0-400Vac(L-N),156A; 
0-692Vac(L-L); 47-63Hz ; 75kW 1ea
0-310Vac(L-N),134A; 
0-536Vac(L-L); 47-63Hz ; 100kW 2ea
0-310Vac(L-N),134A; 
0-536Vac(L-L); 47-63Hz ; 250kW 1ea",電力系統能力,3,6,
電力系統能力,AC 三相電力,PTC,AC 三相電力,frequency_range,47-63,Hz,,,"0-400Vac(L-N),156A; 
0-692Vac(L-L); 47-63Hz ; 75kW 1ea
0-310Vac(L-N),134A; 
0-536Vac(L-L); 47-63Hz ; 100kW 2ea
0-310Vac(L-N),134A; 
0-536Vac(L-L); 47-63Hz ; 250kW 1ea",電力系統能力,3,6,
電力系統能力,AC 三相電力,PTC,AC 三相電力,quantity,1,ea,,,"0-400Vac(L-N),156A; 
0-692Vac(L-L); 47-63Hz ; 75kW 1ea
0-310Vac(L-N),134A; 
0-536Vac(L-L); 47-63Hz ; 100kW 2ea
0-310Vac(L-N),134A; 
0-536Vac(L-L); 47-63Hz ; 250kW 1ea",電力系統能力,3,6,
電力系統能力,AC 三相電力,PTC,AC 三相電力,quantity,2,ea,,,"0-400Vac(L-N),156A; 
0-692Vac(L-L); 47-63Hz ; 75kW 1ea
0-310Vac(L-N),134A; 
0-536Vac(L-L); 47-63Hz ; 100kW 2ea
0-310Vac(L-N),134A; 
0-536Vac(L-L); 47-63Hz ; 250kW 1ea",電力系統能力,3,6,
電力系統能力,AC 三相電力,PTC,AC 三相電力,quantity,1,ea,,,"0-400Vac(L-N),156A; 
0-692Vac(L-L); 47-63Hz ; 75kW 1ea
0-310Vac(L-N),134A; 
0-536Vac(L-L); 47-63Hz ; 100kW 2ea
0-310Vac(L-N),134A; 
0-536Vac(L-L); 47-63Hz ; 250kW 1ea",電力系統能力,3,6,
電力系統能力,DC 電力,PTC,DC 電力,voltage,80,V,,,"80V*120A，5kW; 5ea
200V*70A，5kW; 2ea
100V*100A，5kW; 3ea
80V*667A , 15kW; 1ea",電力系統能力,4,6,
電力系統能力,DC 電力,PTC,DC 電力,voltage,200,V,,,"80V*120A，5kW; 5ea
200V*70A，5kW; 2ea
100V*100A，5kW; 3ea
80V*667A , 15kW; 1ea",電力系統能力,4,6,
電力系統能力,DC 電力,PTC,DC 電力,voltage,100,V,,,"80V*120A，5kW; 5ea
200V*70A，5kW; 2ea
100V*100A，5kW; 3ea
80V*667A , 15kW; 1ea",電力系統能力,4,6,
電力系統能力,DC 電力,PTC,DC 電力,voltage,80,V,,,"80V*120A，5kW; 5ea
200V*70A，5kW; 2ea
100V*100A，5kW; 3ea
80V*667A , 15kW; 1ea",電力系統能力,4,6,
電力系統能力,DC 電力,PTC,DC 電力,current,120,A,,,"80V*120A，5kW; 5ea
200V*70A，5kW; 2ea
100V*100A，5kW; 3ea
80V*667A , 15kW; 1ea",電力系統能力,4,6,
電力系統能力,DC 電力,PTC,DC 電力,current,70,A,,,"80V*120A，5kW; 5ea
200V*70A，5kW; 2ea
100V*100A，5kW; 3ea
80V*667A , 15kW; 1ea",電力系統能力,4,6,
電力系統能力,DC 電力,PTC,DC 電力,current,100,A,,,"80V*120A，5kW; 5ea
200V*70A，5kW; 2ea
100V*100A，5kW; 3ea
80V*667A , 15kW; 1ea",電力系統能力,4,6,
電力系統能力,DC 電力,PTC,DC 電力,current,667,A,,,"80V*120A，5kW; 5ea
200V*70A，5kW; 2ea
100V*100A，5kW; 3ea
80V*667A , 15kW; 1ea",電力系統能力,4,6,
電力系統能力,DC 電力,PTC,DC 電力,power,5,kW,,,"80V*120A，5kW; 5ea
200V*70A，5kW; 2ea
100V*100A，5kW; 3ea
80V*667A , 15kW; 1ea",電力系統能力,4,6,
電力系統能力,DC 電力,PTC,DC 電力,power,5,kW,,,"80V*120A，5kW; 5ea
200V*70A，5kW; 2ea
100V*100A，5kW; 3ea
80V*667A , 15kW; 1ea",電力系統能力,4,6,
電力系統能力,DC 電力,PTC,DC 電力,power,5,kW,,,"80V*120A，5kW; 5ea
200V*70A，5kW; 2ea
100V*100A，5kW; 3ea
80V*667A , 15kW; 1ea",電力系統能力,4,6,
電力系統能力,DC 電力,PTC,DC 電力,power,15,kW,,,"80V*120A，5kW; 5ea
200V*70A，5kW; 2ea
100V*100A，5kW; 3ea
80V*667A , 15kW; 1ea",電力系統能力,4,6,
電力系統能力,DC 電力,PTC,DC 電力,quantity,5,ea,,,"80V*120A，5kW; 5ea
200V*70A，5kW; 2ea
100V*100A，5kW; 3ea
80V*667A , 15kW; 1ea",電力系統能力,4,6,
電力系統能力,DC 電力,PTC,DC 電力,quantity,2,ea,,,"80V*120A，5kW; 5ea
200V*70A，5kW; 2ea
100V*100A，5kW; 3ea
80V*667A , 15kW; 1ea",電力系統能力,4,6,
電力系統能力,DC 電力,PTC,DC 電力,quantity,3,ea,,,"80V*120A，5kW; 5ea
200V*70A，5kW; 2ea
100V*100A，5kW; 3ea
80V*667A , 15kW; 1ea",電力系統能力,4,6,
電力系統能力,DC 電力,PTC,DC 電力,quantity,1,ea,,,"80V*120A，5kW; 5ea
200V*70A，5kW; 2ea
100V*100A，5kW; 3ea
80V*667A , 15kW; 1ea",電力系統能力,4,6,
電力系統能力,AC 負載,PTC,AC 負載,voltage,50-350,V,,,"3600W, 0-36A, 50-350Vac ; 1ea
11070W, 240Vac, 46A ; 1ea (加熱棒)",電力系統能力,5,6,
電力系統能力,AC 負載,PTC,AC 負載,voltage,240,V,,,"3600W, 0-36A, 50-350Vac ; 1ea
11070W, 240Vac, 46A ; 1ea (加熱棒)",電力系統能力,5,6,
電力系統能力,AC 負載,PTC,AC 負載,current,36,A,,,"3600W, 0-36A, 50-350Vac ; 1ea
11070W, 240Vac, 46A ; 1ea (加熱棒)",電力系統能力,5,6,
電力系統能力,AC 負載,PTC,AC 負載,current,46,A,,,"3600W, 0-36A, 50-350Vac ; 1ea
11070W, 240Vac, 46A ; 1ea (加熱棒)",電力系統能力,5,6,
電力系統能力,AC 負載,PTC,AC 負載,power,3600,W,,,"3600W, 0-36A, 50-350Vac ; 1ea
11070W, 240Vac, 46A ; 1ea (加熱棒)",電力系統能力,5,6,
電力系統能力,AC 負載,PTC,AC 負載,power,11070,W,,,"3600W, 0-36A, 50-350Vac ; 1ea
11070W, 240Vac, 46A ; 1ea (加熱棒)",電力系統能力,5,6,
電力系統能力,AC 負載,PTC,AC 負載,quantity,1,ea,,,"3600W, 0-36A, 50-350Vac ; 1ea
11070W, 240Vac, 46A ; 1ea (加熱棒)",電力系統能力,5,6,
電力系統能力,AC 負載,PTC,AC 負載,quantity,1,ea,,,"3600W, 0-36A, 50-350Vac ; 1ea
11070W, 240Vac, 46A ; 1ea (加熱棒)",電力系統能力,5,6,
電力系統能力,DC 負載,PTC,DC 負載,voltage,60,V,,,"60V*60A,300W, 4CH ; 23ea
60V*450A; 3600W ; 1ea
150V*630A; 3150W ; 1ea
80V*120A，5kW; 5ea
200V*70A，5kW; 2ea",電力系統能力,6,6,
電力系統能力,DC 負載,PTC,DC 負載,voltage,60,V,,,"60V*60A,300W, 4CH ; 23ea
60V*450A; 3600W ; 1ea
150V*630A; 3150W ; 1ea
80V*120A，5kW; 5ea
200V*70A，5kW; 2ea",電力系統能力,6,6,
電力系統能力,DC 負載,PTC,DC 負載,voltage,150,V,,,"60V*60A,300W, 4CH ; 23ea
60V*450A; 3600W ; 1ea
150V*630A; 3150W ; 1ea
80V*120A，5kW; 5ea
200V*70A，5kW; 2ea",電力系統能力,6,6,
電力系統能力,DC 負載,PTC,DC 負載,voltage,80,V,,,"60V*60A,300W, 4CH ; 23ea
60V*450A; 3600W ; 1ea
150V*630A; 3150W ; 1ea
80V*120A，5kW; 5ea
200V*70A，5kW; 2ea",電力系統能力,6,6,
電力系統能力,DC 負載,PTC,DC 負載,voltage,200,V,,,"60V*60A,300W, 4CH ; 23ea
60V*450A; 3600W ; 1ea
150V*630A; 3150W ; 1ea
80V*120A，5kW; 5ea
200V*70A，5kW; 2ea",電力系統能力,6,6,
電力系統能力,DC 負載,PTC,DC 負載,current,60,A,,,"60V*60A,300W, 4CH ; 23ea
60V*450A; 3600W ; 1ea
150V*630A; 3150W ; 1ea
80V*120A，5kW; 5ea
200V*70A，5kW; 2ea",電力系統能力,6,6,
電力系統能力,DC 負載,PTC,DC 負載,current,450,A,,,"60V*60A,300W, 4CH ; 23ea
60V*450A; 3600W ; 1ea
150V*630A; 3150W ; 1ea
80V*120A，5kW; 5ea
200V*70A，5kW; 2ea",電力系統能力,6,6,
電力系統能力,DC 負載,PTC,DC 負載,current,630,A,,,"60V*60A,300W, 4CH ; 23ea
60V*450A; 3600W ; 1ea
150V*630A; 3150W ; 1ea
80V*120A，5kW; 5ea
200V*70A，5kW; 2ea",電力系統能力,6,6,
電力系統能力,DC 負載,PTC,DC 負載,current,120,A,,,"60V*60A,300W, 4CH ; 23ea
60V*450A; 3600W ; 1ea
150V*630A; 3150W ; 1ea
80V*120A，5kW; 5ea
200V*70A，5kW; 2ea",電力系統能力,6,6,
電力系統能力,DC 負載,PTC,DC 負載,current,70,A,,,"60V*60A,300W, 4CH ; 23ea
60V*450A; 3600W ; 1ea
150V*630A; 3150W ; 1ea
80V*120A，5kW; 5ea
200V*70A，5kW; 2ea",電力系統能力,6,6,
電力系統能力,DC 負載,PTC,DC 負載,power,5,kW,,,"60V*60A,300W, 4CH ; 23ea
60V*450A; 3600W ; 1ea
150V*630A; 3150W ; 1ea
80V*120A，5kW; 5ea
200V*70A，5kW; 2ea",電力系統能力,6,6,
電力系統能力,DC 負載,PTC,DC 負載,power,5,kW,,,"60V*60A,300W, 4CH ; 23ea
60V*450A; 3600W ; 1ea
150V*630A; 3150W ; 1ea
80V*120A，5kW; 5ea
200V*70A，5kW; 2ea",電力系統能力,6,6,
電力系統能力,DC 負載,PTC,DC 負載,power,300,W,,,"60V*60A,300W, 4CH ; 23ea
60V*450A; 3600W ; 1ea
150V*630A; 3150W ; 1ea
80V*120A，5kW; 5ea
200V*70A，5kW; 2ea",電力系統能力,6,6,
電力系統能力,DC 負載,PTC,DC 負載,power,3600,W,,,"60V*60A,300W, 4CH ; 23ea
60V*450A; 3600W ; 1ea
150V*630A; 3150W ; 1ea
80V*120A，5kW; 5ea
200V*70A，5kW; 2ea",電力系統能力,6,6,
電力系統能力,DC 負載,PTC,DC 負載,power,3150,W,,,"60V*60A,300W, 4CH ; 23ea
60V*450A; 3600W ; 1ea
150V*630A; 3150W ; 1ea
80V*120A，5kW; 5ea
200V*70A，5kW; 2ea",電力系統能力,6,6,
電力系統能力,DC 負載,PTC,DC 負載,quantity,23,ea,,,"60V*60A,300W, 4CH ; 23ea
60V*450A; 3600W ; 1ea
150V*630A; 3150W ; 1ea
80V*120A，5kW; 5ea
200V*70A，5kW; 2ea",電力系統能力,6,6,
電力系統能力,DC 負載,PTC,DC 負載,quantity,1,ea,,,"60V*60A,300W, 4CH ; 23ea
60V*450A; 3600W ; 1ea
150V*630A; 3150W ; 1ea
80V*120A，5kW; 5ea
200V*70A，5kW; 2ea",電力系統能力,6,6,
電力系統能力,DC 負載,PTC,DC 負載,quantity,1,ea,,,"60V*60A,300W, 4CH ; 23ea
60V*450A; 3600W ; 1ea
150V*630A; 3150W ; 1ea
80V*120A，5kW; 5ea
200V*70A，5kW; 2ea",電力系統能力,6,6,
電力系統能力,DC 負載,PTC,DC 負載,quantity,5,ea,,,"60V*60A,300W, 4CH ; 23ea
60V*450A; 3600W ; 1ea
150V*630A; 3150W ; 1ea
80V*120A，5kW; 5ea
200V*70A，5kW; 2ea",電力系統能力,6,6,
電力系統能力,DC 負載,PTC,DC 負載,quantity,2,ea,,,"60V*60A,300W, 4CH ; 23ea
60V*450A; 3600W ; 1ea
150V*630A; 3150W ; 1ea
80V*120A，5kW; 5ea
200V*70A，5kW; 2ea",電力系統能力,6,6,
電力系統能力,最大烤箱,PTC,最大烤箱,raw_text,"尺寸 170*260*160（W*H*Dcm）
 溫溼度範圍 15~120℃",,,,"尺寸 170*260*160（W*H*Dcm）
 溫溼度範圍 15~120℃",電力系統能力,7,6,
電力系統能力,G.15 加壓設備,PTC,G.15 加壓設備,raw_text,"1.5Hp, 100m(揚程)加壓機一台，
10-10000psig 手搖幫浦*1",,,,"1.5Hp, 100m(揚程)加壓機一台，
10-10000psig 手搖幫浦*1",電力系統能力,8,6,
電力系統能力,Gasket 拉伸,PTC,Gasket 拉伸,raw_text,"拉力 0.5kg to 500kg, 行程1200mm, 
速度 0.5~830mm/min",,,,"拉力 0.5kg to 500kg, 行程1200mm, 
速度 0.5~830mm/min",電力系統能力,9,6,
電力系統能力,備註:,PTC,備註:,voltage,80,V,規劃中,,"1.後續計畫採購雙向可編成直流電源供應器 規格DC power/Load  80Vdc/667A/15KW 計畫採購3ea

2.後續計畫採購 直流最大輸出電壓/電流/功率:500V/90A/15KW 2ea，可串接後變成800Vdc輸出，承接 800Vdc供電產品 

3.後續計畫採購250T冰水主機",電力系統能力,11,6,
電力系統能力,備註:,PTC,備註:,voltage,500,V,規劃中,,"1.後續計畫採購雙向可編成直流電源供應器 規格DC power/Load  80Vdc/667A/15KW 計畫採購3ea

2.後續計畫採購 直流最大輸出電壓/電流/功率:500V/90A/15KW 2ea，可串接後變成800Vdc輸出，承接 800Vdc供電產品 

3.後續計畫採購250T冰水主機",電力系統能力,11,6,
電力系統能力,備註:,PTC,備註:,voltage,800,V,規劃中,,"1.後續計畫採購雙向可編成直流電源供應器 規格DC power/Load  80Vdc/667A/15KW 計畫採購3ea

2.後續計畫採購 直流最大輸出電壓/電流/功率:500V/90A/15KW 2ea，可串接後變成800Vdc輸出，承接 800Vdc供電產品 

3.後續計畫採購250T冰水主機",電力系統能力,11,6,
電力系統能力,備註:,PTC,備註:,voltage,800,V,規劃中,,"1.後續計畫採購雙向可編成直流電源供應器 規格DC power/Load  80Vdc/667A/15KW 計畫採購3ea

2.後續計畫採購 直流最大輸出電壓/電流/功率:500V/90A/15KW 2ea，可串接後變成800Vdc輸出，承接 800Vdc供電產品 

3.後續計畫採購250T冰水主機",電力系統能力,11,6,
電力系統能力,備註:,PTC,備註:,current,667,A,規劃中,,"1.後續計畫採購雙向可編成直流電源供應器 規格DC power/Load  80Vdc/667A/15KW 計畫採購3ea

2.後續計畫採購 直流最大輸出電壓/電流/功率:500V/90A/15KW 2ea，可串接後變成800Vdc輸出，承接 800Vdc供電產品 

3.後續計畫採購250T冰水主機",電力系統能力,11,6,
電力系統能力,備註:,PTC,備註:,current,90,A,規劃中,,"1.後續計畫採購雙向可編成直流電源供應器 規格DC power/Load  80Vdc/667A/15KW 計畫採購3ea

2.後續計畫採購 直流最大輸出電壓/電流/功率:500V/90A/15KW 2ea，可串接後變成800Vdc輸出，承接 800Vdc供電產品 

3.後續計畫採購250T冰水主機",電力系統能力,11,6,
電力系統能力,備註:,PTC,備註:,power,15,kW,規劃中,,"1.後續計畫採購雙向可編成直流電源供應器 規格DC power/Load  80Vdc/667A/15KW 計畫採購3ea

2.後續計畫採購 直流最大輸出電壓/電流/功率:500V/90A/15KW 2ea，可串接後變成800Vdc輸出，承接 800Vdc供電產品 

3.後續計畫採購250T冰水主機",電力系統能力,11,6,
電力系統能力,備註:,PTC,備註:,power,15,kW,規劃中,,"1.後續計畫採購雙向可編成直流電源供應器 規格DC power/Load  80Vdc/667A/15KW 計畫採購3ea

2.後續計畫採購 直流最大輸出電壓/電流/功率:500V/90A/15KW 2ea，可串接後變成800Vdc輸出，承接 800Vdc供電產品 

3.後續計畫採購250T冰水主機",電力系統能力,11,6,
電力系統能力,備註:,PTC,備註:,quantity,3,ea,規劃中,,"1.後續計畫採購雙向可編成直流電源供應器 規格DC power/Load  80Vdc/667A/15KW 計畫採購3ea

2.後續計畫採購 直流最大輸出電壓/電流/功率:500V/90A/15KW 2ea，可串接後變成800Vdc輸出，承接 800Vdc供電產品 

3.後續計畫採購250T冰水主機",電力系統能力,11,6,
電力系統能力,備註:,PTC,備註:,quantity,2,ea,規劃中,,"1.後續計畫採購雙向可編成直流電源供應器 規格DC power/Load  80Vdc/667A/15KW 計畫採購3ea

2.後續計畫採購 直流最大輸出電壓/電流/功率:500V/90A/15KW 2ea，可串接後變成800Vdc輸出，承接 800Vdc供電產品 

3.後續計畫採購250T冰水主機",電力系統能力,11,6,
電力系統能力,備註:,PTC,備註:,status,規劃中,,規劃中,,"1.後續計畫採購雙向可編成直流電源供應器 規格DC power/Load  80Vdc/667A/15KW 計畫採購3ea

2.後續計畫採購 直流最大輸出電壓/電流/功率:500V/90A/15KW 2ea，可串接後變成800Vdc輸出，承接 800Vdc供電產品 

3.後續計畫採購250T冰水主機",電力系統能力,11,6,
其他服務,,PTC,,raw_text,醫療,,目前服務,,醫療,其他服務,3,1,
其他服務,,PTC,,raw_text,皆為UL WTDP 實驗室,,目前服務,,皆為UL WTDP 實驗室,其他服務,3,2,
其他服務,,PTC,,raw_text,"IEC 60571, EN 50155, EN 61373",,目前服務,,"IEC 60571, EN 50155, EN 61373",其他服務,3,4,
其他服務,,PTC,,raw_text,鐵道產品,,目前服務,,鐵道產品,其他服務,3,5,
其他服務,,PTC,,raw_text,工控,,目前服務,,工控,其他服務,4,1,
其他服務,,PTC,,raw_text,"IEC 60945, DNV-CG-0339, IACS E 10",,目前服務,,"IEC 60945, DNV-CG-0339, IACS E 10",其他服務,4,4,
其他服務,,PTC,,raw_text,船舶產品,,目前服務,,船舶產品,其他服務,4,5,
其他服務,,PTC,,raw_text,防爆,,目前服務,,防爆,其他服務,5,1,
其他服務,,PTC,,raw_text,"CIDII, ATEX, IECEx (Industrial and hazardous area)",,目前服務,,"CIDII, ATEX, IECEx (Industrial and hazardous area)",其他服務,5,4,
其他服務,,PTC,,raw_text,防爆產品,,目前服務,,防爆產品,其他服務,5,5,
其他服務,,PTC,,raw_text,可靠度測試,,目前服務,,可靠度測試,其他服務,6,1,
其他服務,,PTC,,raw_text,主要以龜山場地為主(溫度/震動/充放電),,目前服務,,主要以龜山場地為主(溫度/震動/充放電),其他服務,6,2,
其他服務,,PTC,,raw_text,"IEC 61850-3, IEEE1613",,目前服務,,"IEC 61850-3, IEEE1613",其他服務,6,4,
其他服務,,PTC,,raw_text,智慧電網,,目前服務,,智慧電網,其他服務,6,5,
其他服務,,PTC,,raw_text,EMC/RF,,目前服務,,EMC/RF,其他服務,7,1,
其他服務,,PTC,,raw_text,AI Rack,,規劃中,,AI Rack,其他服務,9,1,
其他服務,,PTC,,raw_text,土城EMC+Safety 一站式,,規劃中,,土城EMC+Safety 一站式,其他服務,9,2,
其他服務,,PTC,,raw_text,IEC 63370(手工具電池),,規劃中,,IEC 63370(手工具電池),其他服務,9,4,
其他服務,,PTC,,raw_text,TAF/BSMI增項/2026年02月前完成,,規劃中,,TAF/BSMI增項/2026年02月前完成,其他服務,9,5,
其他服務,,PTC,,raw_text,小家電,,規劃中,,小家電,其他服務,10,1,
其他服務,,PTC,,status,規劃中,,規劃中,,土城計畫協助UL建立BSMI EMC測試能力,其他服務,10,2,
其他服務,,PTC,,raw_text,CNS62040-1(UPS),,規劃中,,CNS62040-1(UPS),其他服務,10,4,
其他服務,,PTC,,raw_text,TAF/BSMI增項/2026年02月前完成,,規劃中,,TAF/BSMI增項/2026年02月前完成,其他服務,10,5,
其他服務,,PTC,,raw_text,儲能與充電樁,,規劃中,,儲能與充電樁,其他服務,11,1,
其他服務,,PTC,,status,規劃中,,規劃中,,土城計畫協助UL建立EMC測試能力,其他服務,11,2,
其他服務,,PTC,,raw_text,CNS63057(道路車輛非動力用二次鋰電池組),,規劃中,,CNS63057(道路車輛非動力用二次鋰電池組),其他服務,11,4,
其他服務,,PTC,,raw_text,TAF/BSMI增項/2026年02月前完成,,規劃中,,TAF/BSMI增項/2026年02月前完成,其他服務,11,5,
其他服務,,PTC,,raw_text,連結器,,規劃中,,連結器,其他服務,12,1,
其他服務,,PTC,,status,規劃中,,規劃中,,新店2計畫建立UL1977測試能力,其他服務,12,2,
電力系統能力,AC 單相電力,SPC,AC 單相電力,voltage,0,V,,,"設備 1: 
 低壓檔位  0V ~ 155V, 333A  
 高壓檔位  0V ~ 310V, 166.A   
 最大功率 max. 40 kW

設備 2: 
 低壓檔位 0V ~ 300V, 42A   
 高壓檔位 0V ~ 600V, 21A   
 功率 max. 30 kW",電力系統能力,2,7,
電力系統能力,AC 單相電力,SPC,AC 單相電力,voltage,155,V,,,"設備 1: 
 低壓檔位  0V ~ 155V, 333A  
 高壓檔位  0V ~ 310V, 166.A   
 最大功率 max. 40 kW

設備 2: 
 低壓檔位 0V ~ 300V, 42A   
 高壓檔位 0V ~ 600V, 21A   
 功率 max. 30 kW",電力系統能力,2,7,
電力系統能力,AC 單相電力,SPC,AC 單相電力,voltage,0,V,,,"設備 1: 
 低壓檔位  0V ~ 155V, 333A  
 高壓檔位  0V ~ 310V, 166.A   
 最大功率 max. 40 kW

設備 2: 
 低壓檔位 0V ~ 300V, 42A   
 高壓檔位 0V ~ 600V, 21A   
 功率 max. 30 kW",電力系統能力,2,7,
電力系統能力,AC 單相電力,SPC,AC 單相電力,voltage,310,V,,,"設備 1: 
 低壓檔位  0V ~ 155V, 333A  
 高壓檔位  0V ~ 310V, 166.A   
 最大功率 max. 40 kW

設備 2: 
 低壓檔位 0V ~ 300V, 42A   
 高壓檔位 0V ~ 600V, 21A   
 功率 max. 30 kW",電力系統能力,2,7,
電力系統能力,AC 單相電力,SPC,AC 單相電力,voltage,0,V,,,"設備 1: 
 低壓檔位  0V ~ 155V, 333A  
 高壓檔位  0V ~ 310V, 166.A   
 最大功率 max. 40 kW

設備 2: 
 低壓檔位 0V ~ 300V, 42A   
 高壓檔位 0V ~ 600V, 21A   
 功率 max. 30 kW",電力系統能力,2,7,
電力系統能力,AC 單相電力,SPC,AC 單相電力,voltage,300,V,,,"設備 1: 
 低壓檔位  0V ~ 155V, 333A  
 高壓檔位  0V ~ 310V, 166.A   
 最大功率 max. 40 kW

設備 2: 
 低壓檔位 0V ~ 300V, 42A   
 高壓檔位 0V ~ 600V, 21A   
 功率 max. 30 kW",電力系統能力,2,7,
電力系統能力,AC 單相電力,SPC,AC 單相電力,voltage,0,V,,,"設備 1: 
 低壓檔位  0V ~ 155V, 333A  
 高壓檔位  0V ~ 310V, 166.A   
 最大功率 max. 40 kW

設備 2: 
 低壓檔位 0V ~ 300V, 42A   
 高壓檔位 0V ~ 600V, 21A   
 功率 max. 30 kW",電力系統能力,2,7,
電力系統能力,AC 單相電力,SPC,AC 單相電力,voltage,600,V,,,"設備 1: 
 低壓檔位  0V ~ 155V, 333A  
 高壓檔位  0V ~ 310V, 166.A   
 最大功率 max. 40 kW

設備 2: 
 低壓檔位 0V ~ 300V, 42A   
 高壓檔位 0V ~ 600V, 21A   
 功率 max. 30 kW",電力系統能力,2,7,
電力系統能力,AC 單相電力,SPC,AC 單相電力,current,333,A,,,"設備 1: 
 低壓檔位  0V ~ 155V, 333A  
 高壓檔位  0V ~ 310V, 166.A   
 最大功率 max. 40 kW

設備 2: 
 低壓檔位 0V ~ 300V, 42A   
 高壓檔位 0V ~ 600V, 21A   
 功率 max. 30 kW",電力系統能力,2,7,
電力系統能力,AC 單相電力,SPC,AC 單相電力,current,166.,A,,,"設備 1: 
 低壓檔位  0V ~ 155V, 333A  
 高壓檔位  0V ~ 310V, 166.A   
 最大功率 max. 40 kW

設備 2: 
 低壓檔位 0V ~ 300V, 42A   
 高壓檔位 0V ~ 600V, 21A   
 功率 max. 30 kW",電力系統能力,2,7,
電力系統能力,AC 單相電力,SPC,AC 單相電力,current,42,A,,,"設備 1: 
 低壓檔位  0V ~ 155V, 333A  
 高壓檔位  0V ~ 310V, 166.A   
 最大功率 max. 40 kW

設備 2: 
 低壓檔位 0V ~ 300V, 42A   
 高壓檔位 0V ~ 600V, 21A   
 功率 max. 30 kW",電力系統能力,2,7,
電力系統能力,AC 單相電力,SPC,AC 單相電力,current,21,A,,,"設備 1: 
 低壓檔位  0V ~ 155V, 333A  
 高壓檔位  0V ~ 310V, 166.A   
 最大功率 max. 40 kW

設備 2: 
 低壓檔位 0V ~ 300V, 42A   
 高壓檔位 0V ~ 600V, 21A   
 功率 max. 30 kW",電力系統能力,2,7,
電力系統能力,AC 單相電力,SPC,AC 單相電力,power,40,kW,,,"設備 1: 
 低壓檔位  0V ~ 155V, 333A  
 高壓檔位  0V ~ 310V, 166.A   
 最大功率 max. 40 kW

設備 2: 
 低壓檔位 0V ~ 300V, 42A   
 高壓檔位 0V ~ 600V, 21A   
 功率 max. 30 kW",電力系統能力,2,7,
電力系統能力,AC 單相電力,SPC,AC 單相電力,power,30,kW,,,"設備 1: 
 低壓檔位  0V ~ 155V, 333A  
 高壓檔位  0V ~ 310V, 166.A   
 最大功率 max. 40 kW

設備 2: 
 低壓檔位 0V ~ 300V, 42A   
 高壓檔位 0V ~ 600V, 21A   
 功率 max. 30 kW",電力系統能力,2,7,
電力系統能力,AC 三相電力,SPC,AC 三相電力,voltage,0,V,,,"設備 1:  低壓檔位  0V ~ 155V (L-N), 333A (每相最大）高壓檔位  0V ~ 310V (L-N), 166.A (每相最大）相最大輸出功率 max. 120 kW",電力系統能力,3,7,
電力系統能力,AC 三相電力,SPC,AC 三相電力,voltage,155,V,,,"設備 1:  低壓檔位  0V ~ 155V (L-N), 333A (每相最大）高壓檔位  0V ~ 310V (L-N), 166.A (每相最大）相最大輸出功率 max. 120 kW",電力系統能力,3,7,
電力系統能力,AC 三相電力,SPC,AC 三相電力,voltage,0,V,,,"設備 1:  低壓檔位  0V ~ 155V (L-N), 333A (每相最大）高壓檔位  0V ~ 310V (L-N), 166.A (每相最大）相最大輸出功率 max. 120 kW",電力系統能力,3,7,
電力系統能力,AC 三相電力,SPC,AC 三相電力,voltage,310,V,,,"設備 1:  低壓檔位  0V ~ 155V (L-N), 333A (每相最大）高壓檔位  0V ~ 310V (L-N), 166.A (每相最大）相最大輸出功率 max. 120 kW",電力系統能力,3,7,
電力系統能力,AC 三相電力,SPC,AC 三相電力,current,333,A,,,"設備 1:  低壓檔位  0V ~ 155V (L-N), 333A (每相最大）高壓檔位  0V ~ 310V (L-N), 166.A (每相最大）相最大輸出功率 max. 120 kW",電力系統能力,3,7,
電力系統能力,AC 三相電力,SPC,AC 三相電力,current,166.,A,,,"設備 1:  低壓檔位  0V ~ 155V (L-N), 333A (每相最大）高壓檔位  0V ~ 310V (L-N), 166.A (每相最大）相最大輸出功率 max. 120 kW",電力系統能力,3,7,
電力系統能力,AC 三相電力,SPC,AC 三相電力,power,120,kW,,,"設備 1:  低壓檔位  0V ~ 155V (L-N), 333A (每相最大）高壓檔位  0V ~ 310V (L-N), 166.A (每相最大）相最大輸出功率 max. 120 kW",電力系統能力,3,7,
電力系統能力,DC 電力,SPC,DC 電力,voltage,0-100,V,,,"設備 1:     0 ~ 100 Vdc, 70 A, 7 kVA
設備 2:     0 ~ 600 Vdc, 13 A, 7.8 kVA
設備 3:  115 ~ 138 Vdc, 130 A,  15 kVA
設備 4:  216 ~ 260 Vdc,  34 A, 7 kVA
設備 5:  334 ~ 400 Vdc, 22 A, 7 kVA",電力系統能力,4,7,
電力系統能力,DC 電力,SPC,DC 電力,voltage,0-600,V,,,"設備 1:     0 ~ 100 Vdc, 70 A, 7 kVA
設備 2:     0 ~ 600 Vdc, 13 A, 7.8 kVA
設備 3:  115 ~ 138 Vdc, 130 A,  15 kVA
設備 4:  216 ~ 260 Vdc,  34 A, 7 kVA
設備 5:  334 ~ 400 Vdc, 22 A, 7 kVA",電力系統能力,4,7,
電力系統能力,DC 電力,SPC,DC 電力,voltage,115-138,V,,,"設備 1:     0 ~ 100 Vdc, 70 A, 7 kVA
設備 2:     0 ~ 600 Vdc, 13 A, 7.8 kVA
設備 3:  115 ~ 138 Vdc, 130 A,  15 kVA
設備 4:  216 ~ 260 Vdc,  34 A, 7 kVA
設備 5:  334 ~ 400 Vdc, 22 A, 7 kVA",電力系統能力,4,7,
電力系統能力,DC 電力,SPC,DC 電力,voltage,216-260,V,,,"設備 1:     0 ~ 100 Vdc, 70 A, 7 kVA
設備 2:     0 ~ 600 Vdc, 13 A, 7.8 kVA
設備 3:  115 ~ 138 Vdc, 130 A,  15 kVA
設備 4:  216 ~ 260 Vdc,  34 A, 7 kVA
設備 5:  334 ~ 400 Vdc, 22 A, 7 kVA",電力系統能力,4,7,
電力系統能力,DC 電力,SPC,DC 電力,voltage,334-400,V,,,"設備 1:     0 ~ 100 Vdc, 70 A, 7 kVA
設備 2:     0 ~ 600 Vdc, 13 A, 7.8 kVA
設備 3:  115 ~ 138 Vdc, 130 A,  15 kVA
設備 4:  216 ~ 260 Vdc,  34 A, 7 kVA
設備 5:  334 ~ 400 Vdc, 22 A, 7 kVA",電力系統能力,4,7,
電力系統能力,DC 電力,SPC,DC 電力,current,70,A,,,"設備 1:     0 ~ 100 Vdc, 70 A, 7 kVA
設備 2:     0 ~ 600 Vdc, 13 A, 7.8 kVA
設備 3:  115 ~ 138 Vdc, 130 A,  15 kVA
設備 4:  216 ~ 260 Vdc,  34 A, 7 kVA
設備 5:  334 ~ 400 Vdc, 22 A, 7 kVA",電力系統能力,4,7,
電力系統能力,DC 電力,SPC,DC 電力,current,13,A,,,"設備 1:     0 ~ 100 Vdc, 70 A, 7 kVA
設備 2:     0 ~ 600 Vdc, 13 A, 7.8 kVA
設備 3:  115 ~ 138 Vdc, 130 A,  15 kVA
設備 4:  216 ~ 260 Vdc,  34 A, 7 kVA
設備 5:  334 ~ 400 Vdc, 22 A, 7 kVA",電力系統能力,4,7,
電力系統能力,DC 電力,SPC,DC 電力,current,130,A,,,"設備 1:     0 ~ 100 Vdc, 70 A, 7 kVA
設備 2:     0 ~ 600 Vdc, 13 A, 7.8 kVA
設備 3:  115 ~ 138 Vdc, 130 A,  15 kVA
設備 4:  216 ~ 260 Vdc,  34 A, 7 kVA
設備 5:  334 ~ 400 Vdc, 22 A, 7 kVA",電力系統能力,4,7,
電力系統能力,DC 電力,SPC,DC 電力,current,34,A,,,"設備 1:     0 ~ 100 Vdc, 70 A, 7 kVA
設備 2:     0 ~ 600 Vdc, 13 A, 7.8 kVA
設備 3:  115 ~ 138 Vdc, 130 A,  15 kVA
設備 4:  216 ~ 260 Vdc,  34 A, 7 kVA
設備 5:  334 ~ 400 Vdc, 22 A, 7 kVA",電力系統能力,4,7,
電力系統能力,DC 電力,SPC,DC 電力,current,22,A,,,"設備 1:     0 ~ 100 Vdc, 70 A, 7 kVA
設備 2:     0 ~ 600 Vdc, 13 A, 7.8 kVA
設備 3:  115 ~ 138 Vdc, 130 A,  15 kVA
設備 4:  216 ~ 260 Vdc,  34 A, 7 kVA
設備 5:  334 ~ 400 Vdc, 22 A, 7 kVA",電力系統能力,4,7,
電力系統能力,DC 電力,SPC,DC 電力,power,7,kVA,,,"設備 1:     0 ~ 100 Vdc, 70 A, 7 kVA
設備 2:     0 ~ 600 Vdc, 13 A, 7.8 kVA
設備 3:  115 ~ 138 Vdc, 130 A,  15 kVA
設備 4:  216 ~ 260 Vdc,  34 A, 7 kVA
設備 5:  334 ~ 400 Vdc, 22 A, 7 kVA",電力系統能力,4,7,
電力系統能力,DC 電力,SPC,DC 電力,power,7.8,kVA,,,"設備 1:     0 ~ 100 Vdc, 70 A, 7 kVA
設備 2:     0 ~ 600 Vdc, 13 A, 7.8 kVA
設備 3:  115 ~ 138 Vdc, 130 A,  15 kVA
設備 4:  216 ~ 260 Vdc,  34 A, 7 kVA
設備 5:  334 ~ 400 Vdc, 22 A, 7 kVA",電力系統能力,4,7,
電力系統能力,DC 電力,SPC,DC 電力,power,15,kVA,,,"設備 1:     0 ~ 100 Vdc, 70 A, 7 kVA
設備 2:     0 ~ 600 Vdc, 13 A, 7.8 kVA
設備 3:  115 ~ 138 Vdc, 130 A,  15 kVA
設備 4:  216 ~ 260 Vdc,  34 A, 7 kVA
設備 5:  334 ~ 400 Vdc, 22 A, 7 kVA",電力系統能力,4,7,
電力系統能力,DC 電力,SPC,DC 電力,power,7,kVA,,,"設備 1:     0 ~ 100 Vdc, 70 A, 7 kVA
設備 2:     0 ~ 600 Vdc, 13 A, 7.8 kVA
設備 3:  115 ~ 138 Vdc, 130 A,  15 kVA
設備 4:  216 ~ 260 Vdc,  34 A, 7 kVA
設備 5:  334 ~ 400 Vdc, 22 A, 7 kVA",電力系統能力,4,7,
電力系統能力,DC 電力,SPC,DC 電力,power,7,kVA,,,"設備 1:     0 ~ 100 Vdc, 70 A, 7 kVA
設備 2:     0 ~ 600 Vdc, 13 A, 7.8 kVA
設備 3:  115 ~ 138 Vdc, 130 A,  15 kVA
設備 4:  216 ~ 260 Vdc,  34 A, 7 kVA
設備 5:  334 ~ 400 Vdc, 22 A, 7 kVA",電力系統能力,4,7,
電力系統能力,AC 負載,SPC,AC 負載,voltage,120,V,,,"120 VAC, 12 kW
240 VAC, 13 kW",電力系統能力,5,7,
電力系統能力,AC 負載,SPC,AC 負載,voltage,240,V,,,"120 VAC, 12 kW
240 VAC, 13 kW",電力系統能力,5,7,
電力系統能力,AC 負載,SPC,AC 負載,power,12,kW,,,"120 VAC, 12 kW
240 VAC, 13 kW",電力系統能力,5,7,
電力系統能力,AC 負載,SPC,AC 負載,power,13,kW,,,"120 VAC, 12 kW
240 VAC, 13 kW",電力系統能力,5,7,
電力系統能力,DC 負載,SPC,DC 負載,voltage,60,V,採購中,,"60V/100KW (採購中) 
0~ 600V /420A OUTPUT :6000W",電力系統能力,6,7,
電力系統能力,DC 負載,SPC,DC 負載,voltage,0-600,V,採購中,,"60V/100KW (採購中) 
0~ 600V /420A OUTPUT :6000W",電力系統能力,6,7,
電力系統能力,DC 負載,SPC,DC 負載,current,420,A,採購中,,"60V/100KW (採購中) 
0~ 600V /420A OUTPUT :6000W",電力系統能力,6,7,
電力系統能力,DC 負載,SPC,DC 負載,power,100,kW,採購中,,"60V/100KW (採購中) 
0~ 600V /420A OUTPUT :6000W",電力系統能力,6,7,
電力系統能力,DC 負載,SPC,DC 負載,power,6000,W,採購中,,"60V/100KW (採購中) 
0~ 600V /420A OUTPUT :6000W",電力系統能力,6,7,
電力系統能力,DC 負載,SPC,DC 負載,status,採購中,,採購中,,"60V/100KW (採購中) 
0~ 600V /420A OUTPUT :6000W",電力系統能力,6,7,
電力系統能力,最大烤箱,SPC,最大烤箱,raw_text,"尺寸: 寬: 110cm 長:50cm 高:50cm ; 
20 °C to 80 °C",,,,"尺寸: 寬: 110cm 長:50cm 高:50cm ; 
20 °C to 80 °C",電力系統能力,7,7,
AI相關產品,,SPC,Connector,raw_text,2026 UL 規費,,,,2026 UL 規費,AI相關產品,13,4,
AI相關產品,,SPC,Connector,raw_text,產品,,,,產品,AI相關產品,14,1,
AI相關產品,,SPC,Connector,raw_text,標準費用與週期,,,,標準費用與週期,AI相關產品,14,2,
AI相關產品,,SPC,Connector,raw_text,經驗與能力,,,,經驗與能力,AI相關產品,14,3,
AI相關產品,,SPC,AI Power,power,5,kW,,,"5KW 以下 NT$200,000
6-10KW NT$300,000 
11-15KW NT$550,000",AI相關產品,15,2,
AI相關產品,,SPC,AI Power,power,10,kW,,,"5KW 以下 NT$200,000
6-10KW NT$300,000 
11-15KW NT$550,000",AI相關產品,15,2,
AI相關產品,,SPC,AI Power,power,15,kW,,,"5KW 以下 NT$200,000
6-10KW NT$300,000 
11-15KW NT$550,000",AI相關產品,15,2,
AI相關產品,,SPC,AI Power,fee,200000,NTD,,,"5KW 以下 NT$200,000
6-10KW NT$300,000 
11-15KW NT$550,000",AI相關產品,15,2,
AI相關產品,,SPC,AI Power,fee,300000,NTD,,,"5KW 以下 NT$200,000
6-10KW NT$300,000 
11-15KW NT$550,000",AI相關產品,15,2,
AI相關產品,,SPC,AI Power,fee,550000,NTD,,,"5KW 以下 NT$200,000
6-10KW NT$300,000 
11-15KW NT$550,000",AI相關產品,15,2,
AI相關產品,,SPC,AI Power,current,200,A,,,"鼎安與光寶、台達、群光等主要客戶長期合作， 
對 AI 伺服器電源架構與零組件資料庫（data base）熟悉，能即時辨識潛在問題並提供建議。
• 具備輸出負載測試能力達 100 kW。
• 對地連續性測試能力達 200 A。",AI相關產品,15,3,
AI相關產品,,SPC,AI Power,power,100,kW,,,"鼎安與光寶、台達、群光等主要客戶長期合作， 
對 AI 伺服器電源架構與零組件資料庫（data base）熟悉，能即時辨識潛在問題並提供建議。
• 具備輸出負載測試能力達 100 kW。
• 對地連續性測試能力達 200 A。",AI相關產品,15,3,
AI相關產品,,SPC,AI Power,power,5.5,kW,,,5.5KW~10KW: USD 21K (50%),AI相關產品,15,4,
AI相關產品,,SPC,AI Power,power,10,kW,,,5.5KW~10KW: USD 21K (50%),AI相關產品,15,4,
AI相關產品,,SPC,AI Power,fee,21000,USD,,,5.5KW~10KW: USD 21K (50%),AI相關產品,15,4,
AI相關產品,,SPC,Power Shelf,power,30,kW,,,"30KW 以下 NT$300,000
30-60KW NT$450,000 
60-100KW NT$700,000",AI相關產品,16,2,
AI相關產品,,SPC,Power Shelf,power,60,kW,,,"30KW 以下 NT$300,000
30-60KW NT$450,000 
60-100KW NT$700,000",AI相關產品,16,2,
AI相關產品,,SPC,Power Shelf,power,100,kW,,,"30KW 以下 NT$300,000
30-60KW NT$450,000 
60-100KW NT$700,000",AI相關產品,16,2,
AI相關產品,,SPC,Power Shelf,fee,300000,NTD,,,"30KW 以下 NT$300,000
30-60KW NT$450,000 
60-100KW NT$700,000",AI相關產品,16,2,
AI相關產品,,SPC,Power Shelf,fee,450000,NTD,,,"30KW 以下 NT$300,000
30-60KW NT$450,000 
60-100KW NT$700,000",AI相關產品,16,2,
AI相關產品,,SPC,Power Shelf,fee,700000,NTD,,,"30KW 以下 NT$300,000
30-60KW NT$450,000 
60-100KW NT$700,000",AI相關產品,16,2,
AI相關產品,,SPC,Power Shelf,raw_text,"對於背板為多層板設計具豐富評估經驗，
能快速釐清設計與問題並回饋改善建議。",,,,"對於背板為多層板設計具豐富評估經驗，
能快速釐清設計與問題並回饋改善建議。",AI相關產品,16,3,
AI相關產品,,SPC,Power Shelf,power,33,kW,,,"USD 10K(100%) , 33KW~66KW :USD 35K (45%)
>66KW : USD 44K (53%)",AI相關產品,16,4,
AI相關產品,,SPC,Power Shelf,power,66,kW,,,"USD 10K(100%) , 33KW~66KW :USD 35K (45%)
>66KW : USD 44K (53%)",AI相關產品,16,4,
AI相關產品,,SPC,Power Shelf,power,66,kW,,,"USD 10K(100%) , 33KW~66KW :USD 35K (45%)
>66KW : USD 44K (53%)",AI相關產品,16,4,
AI相關產品,,SPC,Power Shelf,fee,10000,USD,,,"USD 10K(100%) , 33KW~66KW :USD 35K (45%)
>66KW : USD 44K (53%)",AI相關產品,16,4,
AI相關產品,,SPC,Power Shelf,fee,35000,USD,,,"USD 10K(100%) , 33KW~66KW :USD 35K (45%)
>66KW : USD 44K (53%)",AI相關產品,16,4,
AI相關產品,,SPC,Power Shelf,fee,44000,USD,,,"USD 10K(100%) , 33KW~66KW :USD 35K (45%)
>66KW : USD 44K (53%)",AI相關產品,16,4,
AI相關產品,,SPC,Server,raw_text,300000,,,,300000,AI相關產品,17,2,
AI相關產品,,SPC,Server,power,4,kW,,,< 4KW : USD 10K(100%) ; 4KW~8KW : USD 20K(50%),AI相關產品,17,4,
AI相關產品,,SPC,Server,power,4,kW,,,< 4KW : USD 10K(100%) ; 4KW~8KW : USD 20K(50%),AI相關產品,17,4,
AI相關產品,,SPC,Server,power,8,kW,,,< 4KW : USD 10K(100%) ; 4KW~8KW : USD 20K(50%),AI相關產品,17,4,
AI相關產品,,SPC,Server,fee,10000,USD,,,< 4KW : USD 10K(100%) ; 4KW~8KW : USD 20K(50%),AI相關產品,17,4,
AI相關產品,,SPC,Server,fee,20000,USD,,,< 4KW : USD 10K(100%) ; 4KW~8KW : USD 20K(50%),AI相關產品,17,4,
AI相關產品,,SPC,Switch,raw_text,300000,,,,300000,AI相關產品,18,2,
AI相關產品,,SPC,Switch,power,4,kW,,,USD 9K ; USD15K (4KW) (100%~67%),AI相關產品,18,4,
AI相關產品,,SPC,Switch,fee,9000,USD,,,USD 9K ; USD15K (4KW) (100%~67%),AI相關產品,18,4,
AI相關產品,,SPC,Switch,fee,15000,USD,,,USD 9K ; USD15K (4KW) (100%~67%),AI相關產品,18,4,
電力系統能力,AC 單相電力,USS,AC 單相電力,voltage,400,V,,,"400 Vac 5 KA X 3
300 Vac 5 KA X 8",電力系統能力,2,8,
電力系統能力,AC 單相電力,USS,AC 單相電力,voltage,300,V,,,"400 Vac 5 KA X 3
300 Vac 5 KA X 8",電力系統能力,2,8,
電力系統能力,AC 三相電力,USS,AC 三相電力,voltage,350,V,,,"350VL-N/606VL-L, 250kVA
Other X N",電力系統能力,3,8,
電力系統能力,AC 三相電力,USS,AC 三相電力,voltage,606,V,,,"350VL-N/606VL-L, 250kVA
Other X N",電力系統能力,3,8,
電力系統能力,AC 三相電力,USS,AC 三相電力,power,250,kVA,,,"350VL-N/606VL-L, 250kVA
Other X N",電力系統能力,3,8,
電力系統能力,DC 電力,USS,DC 電力,voltage,650,V,,,"650 Vdc 12KW
600Vdc 18KW 
Others X N",電力系統能力,4,8,
電力系統能力,DC 電力,USS,DC 電力,voltage,600,V,,,"650 Vdc 12KW
600Vdc 18KW 
Others X N",電力系統能力,4,8,
電力系統能力,DC 電力,USS,DC 電力,power,12,kW,,,"650 Vdc 12KW
600Vdc 18KW 
Others X N",電力系統能力,4,8,
電力系統能力,DC 電力,USS,DC 電力,power,18,kW,,,"650 Vdc 12KW
600Vdc 18KW 
Others X N",電力系統能力,4,8,
電力系統能力,AC 負載,USS,AC 負載,raw_text,See bloew,,,,See bloew,電力系統能力,5,8,
電力系統能力,DC 負載,USS,DC 負載,power,20,kW,,,"20 KW X 1
24 KW X 1
Others X N",電力系統能力,6,8,
電力系統能力,DC 負載,USS,DC 負載,power,24,kW,,,"20 KW X 1
24 KW X 1
Others X N",電力系統能力,6,8,
電力系統能力,最大烤箱,USS,最大烤箱,raw_text,"内部尺寸:
深290cmX寬200cmX高250cm
温度:30度C至95度C,
濕度:20%至95%RH",,,,"内部尺寸:
深290cmX寬200cmX高250cm
温度:30度C至95度C,
濕度:20%至95%RH",電力系統能力,7,8,
電力系統能力,G.15 加壓設備,USS,G.15 加壓設備,raw_text,0~140kgf/cm2 (I01067),,,,0~140kgf/cm2 (I01067),電力系統能力,8,8,
電力系統能力,Gasket 拉伸,USS,Gasket 拉伸,raw_text,"荷重:5~450kgf, 拉伸:0~1200mm, 
速率(1min):10mm~800mm",,,,"荷重:5~450kgf, 拉伸:0~1200mm, 
速率(1min):10mm~800mm",電力系統能力,9,8,
電力系統能力,AC 單相電力,VTC,AC 單相電力,voltage,300,V,,,"300 V max., 66 A max., 
20 kVA max., 47 to 63 Hz",電力系統能力,2,9,
電力系統能力,AC 單相電力,VTC,AC 單相電力,current,66,A,,,"300 V max., 66 A max., 
20 kVA max., 47 to 63 Hz",電力系統能力,2,9,
電力系統能力,AC 單相電力,VTC,AC 單相電力,power,20,kVA,,,"300 V max., 66 A max., 
20 kVA max., 47 to 63 Hz",電力系統能力,2,9,
電力系統能力,AC 三相電力,VTC,AC 三相電力,voltage,530,V,,,"530 V max., 66 A max., 
100 kVA max., 47 to 63 Hz",電力系統能力,3,9,
電力系統能力,AC 三相電力,VTC,AC 三相電力,current,66,A,,,"530 V max., 66 A max., 
100 kVA max., 47 to 63 Hz",電力系統能力,3,9,
電力系統能力,AC 三相電力,VTC,AC 三相電力,power,100,kVA,,,"530 V max., 66 A max., 
100 kVA max., 47 to 63 Hz",電力系統能力,3,9,
電力系統能力,DC 電力,VTC,DC 電力,voltage,600,V,,,"600 Vdc max., 
15 kVA max., 135 A max.",電力系統能力,4,9,
電力系統能力,DC 電力,VTC,DC 電力,current,135,A,,,"600 Vdc max., 
15 kVA max., 135 A max.",電力系統能力,4,9,
電力系統能力,DC 電力,VTC,DC 電力,power,15,kVA,,,"600 Vdc max., 
15 kVA max., 135 A max.",電力系統能力,4,9,
電力系統能力,AC 負載,VTC,AC 負載,power,60,kVA,,,Max. 60 kVA,電力系統能力,5,9,
電力系統能力,DC 負載,VTC,DC 負載,voltage,60,V,,,"Max. 60V, 約 10 kVA",電力系統能力,6,9,
電力系統能力,DC 負載,VTC,DC 負載,power,10,kVA,,,"Max. 60V, 約 10 kVA",電力系統能力,6,9,
電力系統能力,最大烤箱,VTC,最大烤箱,power,158,W,,,"158W x 210H x 200D cm, 
-10°C to +80°C , Max. 95 %RH",電力系統能力,7,9,
電力系統能力,最大烤箱,VTC,最大烤箱,humidity_max,95,%RH,,,"158W x 210H x 200D cm, 
-10°C to +80°C , Max. 95 %RH",電力系統能力,7,9,
電力系統能力,G.15 加壓設備,VTC,G.15 加壓設備,status,,,,,無設備,電力系統能力,8,9,
電力系統能力,Gasket 拉伸,VTC,Gasket 拉伸,status,,,,,無設備,電力系統能力,9,9,
電力系統能力,水塔與冰水機,VTC,水塔與冰水機,status,,,,,無設備,電力系統能力,10,9,
電力系統能力,備註:,VTC,備註:,raw_text,"1樓場地大門高2.7 m, 
龍門吊架(2T) x 2;",,,,"1樓場地大門高2.7 m, 
龍門吊架(2T) x 2;",電力系統能力,11,9,
其他服務,,VTC,,raw_text,Service Item,,規劃中,,Service Item,其他服務,28,1,
其他服務,,VTC,,raw_text,Standard Reference,,規劃中,,Standard Reference,其他服務,28,2,
其他服務,,VTC,,raw_text,Price (NT),,規劃中,,Price (NT),其他服務,28,3,
其他服務,,VTC,,raw_text,Lead time,,規劃中,,Lead time,其他服務,28,4,
其他服務,,VTC,,raw_text,Remark,,規劃中,,Remark,其他服務,28,5,
其他服務,,VTC,Risk Management File,raw_text,ISO 14971,,規劃中,,ISO 14971,其他服務,29,2,
其他服務,,VTC,Risk Management File,raw_text,150000,,規劃中,,150000,其他服務,29,3,
其他服務,,VTC,Risk Management File,lead_time,5,weeks,規劃中,,5 weeks,其他服務,29,4,
其他服務,,VTC,Usability Engineering File,raw_text,IEC 62366-1,,規劃中,,IEC 62366-1,其他服務,30,2,
其他服務,,VTC,Usability Engineering File,raw_text,150000,,規劃中,,150000,其他服務,30,3,
其他服務,,VTC,Usability Engineering File,lead_time,5,weeks,規劃中,,5 weeks,其他服務,30,4,
其他服務,,VTC,Usability Engineering File,raw_text,作為完成CB test report 專用。 醫材上市審查不可使用。,,規劃中,,作為完成CB test report 專用。 醫材上市審查不可使用。,其他服務,30,5,
其他服務,,VTC,可用性工程計畫,raw_text,"IEC 62366-1, Clause 4.3",,規劃中,,"IEC 62366-1, Clause 4.3",其他服務,31,2,
其他服務,,VTC,可用性工程計畫,raw_text,50000,,規劃中,,50000,其他服務,31,3,
其他服務,,VTC,可用性工程計畫,lead_time,4,weeks,規劃中,,4 weeks,其他服務,31,4,
其他服務,,VTC,可用性工程計畫,raw_text,醫材上市審查專用,,規劃中,,醫材上市審查專用,其他服務,31,5,
其他服務,,VTC,Formative usability test plan,raw_text,"IEC 62366-1, Clause 5.7.2",,規劃中,,"IEC 62366-1, Clause 5.7.2",其他服務,32,2,
其他服務,,VTC,Formative usability test plan,raw_text,50000,,規劃中,,50000,其他服務,32,3,
其他服務,,VTC,Formative usability test plan,lead_time,4,weeks,規劃中,,4 weeks,其他服務,32,4,
其他服務,,VTC,Formative usability test plan,raw_text,醫材上市審查專用,,規劃中,,醫材上市審查專用,其他服務,32,5,
其他服務,,VTC,Summative usability test plan,raw_text,"IEC 62366-1, Clause 5.7.3",,規劃中,,"IEC 62366-1, Clause 5.7.3",其他服務,33,2,
其他服務,,VTC,Summative usability test plan,raw_text,50000,,規劃中,,50000,其他服務,33,3,
其他服務,,VTC,Summative usability test plan,lead_time,4,weeks,規劃中,,4 weeks,其他服務,33,4,
其他服務,,VTC,Summative usability test plan,raw_text,醫材上市審查專用,,規劃中,,醫材上市審查專用,其他服務,33,5,
其他服務,,VTC,Formative usability test report,raw_text,"IEC 62366-1, Clause 5.8",,規劃中,,"IEC 62366-1, Clause 5.8",其他服務,34,2,
其他服務,,VTC,Formative usability test report,raw_text,250000,,規劃中,,250000,其他服務,34,3,
其他服務,,VTC,Formative usability test report,lead_time,8,weeks,規劃中,,8 weeks,其他服務,34,4,
其他服務,,VTC,Formative usability test report,raw_text,"5 lay person, 醫材上市審查專用,不含IRB送審費用",,規劃中,,"5 lay person, 醫材上市審查專用,不含IRB送審費用",其他服務,34,5,
其他服務,,VTC,Summative usability test report,raw_text,"IEC 62366-1, Clause 5.9",,規劃中,,"IEC 62366-1, Clause 5.9",其他服務,35,2,
其他服務,,VTC,Summative usability test report,raw_text,750000,,規劃中,,750000,其他服務,35,3,
其他服務,,VTC,Summative usability test report,lead_time,12,weeks,規劃中,,12 weeks,其他服務,35,4,
其他服務,,VTC,Summative usability test report,raw_text,"15 lay person or 護士, 醫材上市審查專用,不含IRB送審費用",,規劃中,,"15 lay person or 護士, 醫材上市審查專用,不含IRB送審費用",其他服務,35,5,
其他服務,,VTC,FDA HFE Report,raw_text,"/According to FDA Guidance, Appendix A.",,規劃中,,"/According to FDA Guidance, Appendix A.",其他服務,36,2,
其他服務,,VTC,FDA HFE Report,raw_text,300000,,規劃中,,300000,其他服務,36,3,
其他服務,,VTC,FDA HFE Report,lead_time,8,weeks,規劃中,,8 weeks,其他服務,36,4,
其他服務,,VTC,FDA HFE Report,raw_text,客戶需提供  (1) Risk Management File (2) Formative usability test report (3) Summative usability test report,,規劃中,,客戶需提供  (1) Risk Management File (2) Formative usability test report (3) Summative usability test report,其他服務,36,5,
其他服務,,VTC,EU EAA (ICT產品無障礙指令) test report,raw_text,EN 301 549,,規劃中,,EN 301 549,其他服務,37,2,
其他服務,,VTC,EU EAA (ICT產品無障礙指令) test report,raw_text,180000,,規劃中,,180000,其他服務,37,3,
其他服務,,VTC,EU EAA (ICT產品無障礙指令) test report,lead_time,6,weeks,規劃中,,6 weeks,其他服務,37,4,
其他服務,,VTC,Software Verification and Validation Documentation Template,raw_text,IEC 62304,,規劃中,,IEC 62304,其他服務,38,2,
其他服務,,VTC,Software Verification and Validation Documentation Template,raw_text,150000,,規劃中,,150000,其他服務,38,3,
其他服務,,VTC,Software Verification and Validation Documentation Template,lead_time,2,weeks,規劃中,,2 weeks,其他服務,38,4,
電力系統能力,AC 單相電力,Wendell,AC 單相電力,voltage,0-310,V,,,"目前新店最大兩台電源供應器 
0-310 Vac, 500A (60kVA) 
與 0-310 Vac, 250A(30kVA) ，
另外龜山有電池測試量能",電力系統能力,2,10,
電力系統能力,AC 單相電力,Wendell,AC 單相電力,voltage,0-310,V,,,"目前新店最大兩台電源供應器 
0-310 Vac, 500A (60kVA) 
與 0-310 Vac, 250A(30kVA) ，
另外龜山有電池測試量能",電力系統能力,2,10,
電力系統能力,AC 單相電力,Wendell,AC 單相電力,current,500,A,,,"目前新店最大兩台電源供應器 
0-310 Vac, 500A (60kVA) 
與 0-310 Vac, 250A(30kVA) ，
另外龜山有電池測試量能",電力系統能力,2,10,
電力系統能力,AC 單相電力,Wendell,AC 單相電力,current,250,A,,,"目前新店最大兩台電源供應器 
0-310 Vac, 500A (60kVA) 
與 0-310 Vac, 250A(30kVA) ，
另外龜山有電池測試量能",電力系統能力,2,10,
電力系統能力,AC 單相電力,Wendell,AC 單相電力,power,60,kVA,,,"目前新店最大兩台電源供應器 
0-310 Vac, 500A (60kVA) 
與 0-310 Vac, 250A(30kVA) ，
另外龜山有電池測試量能",電力系統能力,2,10,
電力系統能力,AC 單相電力,Wendell,AC 單相電力,power,30,kVA,,,"目前新店最大兩台電源供應器 
0-310 Vac, 500A (60kVA) 
與 0-310 Vac, 250A(30kVA) ，
另外龜山有電池測試量能",電力系統能力,2,10,
電力系統能力,AC 三相電力,Wendell,AC 三相電力,voltage,0-480,V,,,"N/A (now) ;
0-480Vac, 800 A,  500kVA 
(新店2 / 12月後)",電力系統能力,3,10,
電力系統能力,AC 三相電力,Wendell,AC 三相電力,current,800,A,,,"N/A (now) ;
0-480Vac, 800 A,  500kVA 
(新店2 / 12月後)",電力系統能力,3,10,
電力系統能力,AC 三相電力,Wendell,AC 三相電力,power,500,kVA,,,"N/A (now) ;
0-480Vac, 800 A,  500kVA 
(新店2 / 12月後)",電力系統能力,3,10,
電力系統能力,AC 三相電力,Wendell,AC 三相電力,status,,,,,"N/A (now) ;
0-480Vac, 800 A,  500kVA 
(新店2 / 12月後)",電力系統能力,3,10,
電力系統能力,DC 電力,Wendell,DC 電力,voltage,360,V,,,"360Vdc, 240A, 20KVA 新店&龜山(電池)
1200Vdc, 900A, 300KW 新店或土城(12月後)
2000Vdc, 180A, 45KW 新店或土城(12月後)",電力系統能力,4,10,
電力系統能力,DC 電力,Wendell,DC 電力,voltage,1200,V,,,"360Vdc, 240A, 20KVA 新店&龜山(電池)
1200Vdc, 900A, 300KW 新店或土城(12月後)
2000Vdc, 180A, 45KW 新店或土城(12月後)",電力系統能力,4,10,
電力系統能力,DC 電力,Wendell,DC 電力,voltage,2000,V,,,"360Vdc, 240A, 20KVA 新店&龜山(電池)
1200Vdc, 900A, 300KW 新店或土城(12月後)
2000Vdc, 180A, 45KW 新店或土城(12月後)",電力系統能力,4,10,
電力系統能力,DC 電力,Wendell,DC 電力,current,240,A,,,"360Vdc, 240A, 20KVA 新店&龜山(電池)
1200Vdc, 900A, 300KW 新店或土城(12月後)
2000Vdc, 180A, 45KW 新店或土城(12月後)",電力系統能力,4,10,
電力系統能力,DC 電力,Wendell,DC 電力,current,900,A,,,"360Vdc, 240A, 20KVA 新店&龜山(電池)
1200Vdc, 900A, 300KW 新店或土城(12月後)
2000Vdc, 180A, 45KW 新店或土城(12月後)",電力系統能力,4,10,
電力系統能力,DC 電力,Wendell,DC 電力,current,180,A,,,"360Vdc, 240A, 20KVA 新店&龜山(電池)
1200Vdc, 900A, 300KW 新店或土城(12月後)
2000Vdc, 180A, 45KW 新店或土城(12月後)",電力系統能力,4,10,
電力系統能力,DC 電力,Wendell,DC 電力,power,20,kVA,,,"360Vdc, 240A, 20KVA 新店&龜山(電池)
1200Vdc, 900A, 300KW 新店或土城(12月後)
2000Vdc, 180A, 45KW 新店或土城(12月後)",電力系統能力,4,10,
電力系統能力,DC 電力,Wendell,DC 電力,power,300,kW,,,"360Vdc, 240A, 20KVA 新店&龜山(電池)
1200Vdc, 900A, 300KW 新店或土城(12月後)
2000Vdc, 180A, 45KW 新店或土城(12月後)",電力系統能力,4,10,
電力系統能力,DC 電力,Wendell,DC 電力,power,45,kW,,,"360Vdc, 240A, 20KVA 新店&龜山(電池)
1200Vdc, 900A, 300KW 新店或土城(12月後)
2000Vdc, 180A, 45KW 新店或土城(12月後)",電力系統能力,4,10,
電力系統能力,AC 負載,Wendell,AC 負載,voltage,0-240,V,,,"0-240Vac, 20A 新店&龜山(電池)",電力系統能力,5,10,
電力系統能力,AC 負載,Wendell,AC 負載,current,20,A,,,"0-240Vac, 20A 新店&龜山(電池)",電力系統能力,5,10,
電力系統能力,DC 負載,Wendell,DC 負載,voltage,100,V,,,"100Vdc, 540A 新店&龜山(電池); 
1200Vdc, 900A, 300KW 新店或土城(12月後)
2000Vdc, 180A, 45KW 新店或土城(12月後)",電力系統能力,6,10,
電力系統能力,DC 負載,Wendell,DC 負載,voltage,1200,V,,,"100Vdc, 540A 新店&龜山(電池); 
1200Vdc, 900A, 300KW 新店或土城(12月後)
2000Vdc, 180A, 45KW 新店或土城(12月後)",電力系統能力,6,10,
電力系統能力,DC 負載,Wendell,DC 負載,voltage,2000,V,,,"100Vdc, 540A 新店&龜山(電池); 
1200Vdc, 900A, 300KW 新店或土城(12月後)
2000Vdc, 180A, 45KW 新店或土城(12月後)",電力系統能力,6,10,
電力系統能力,DC 負載,Wendell,DC 負載,current,540,A,,,"100Vdc, 540A 新店&龜山(電池); 
1200Vdc, 900A, 300KW 新店或土城(12月後)
2000Vdc, 180A, 45KW 新店或土城(12月後)",電力系統能力,6,10,
電力系統能力,DC 負載,Wendell,DC 負載,current,900,A,,,"100Vdc, 540A 新店&龜山(電池); 
1200Vdc, 900A, 300KW 新店或土城(12月後)
2000Vdc, 180A, 45KW 新店或土城(12月後)",電力系統能力,6,10,
電力系統能力,DC 負載,Wendell,DC 負載,current,180,A,,,"100Vdc, 540A 新店&龜山(電池); 
1200Vdc, 900A, 300KW 新店或土城(12月後)
2000Vdc, 180A, 45KW 新店或土城(12月後)",電力系統能力,6,10,
電力系統能力,DC 負載,Wendell,DC 負載,power,300,kW,,,"100Vdc, 540A 新店&龜山(電池); 
1200Vdc, 900A, 300KW 新店或土城(12月後)
2000Vdc, 180A, 45KW 新店或土城(12月後)",電力系統能力,6,10,
電力系統能力,DC 負載,Wendell,DC 負載,power,45,kW,,,"100Vdc, 540A 新店&龜山(電池); 
1200Vdc, 900A, 300KW 新店或土城(12月後)
2000Vdc, 180A, 45KW 新店或土城(12月後)",電力系統能力,6,10,
電力系統能力,最大烤箱,Wendell,最大烤箱,raw_text,"尺寸: 100cm(W) x 100cm(H) x 80cm(D) 
溫溼度範圍: -40 to 100度, 10% to 98%RH",,,,"尺寸: 100cm(W) x 100cm(H) x 80cm(D) 
溫溼度範圍: -40 to 100度, 10% to 98%RH",電力系統能力,7,10,
電力系統能力,G.15 加壓設備,Wendell,G.15 加壓設備,status,採購中,,採購中,,設備採購中,電力系統能力,8,10,
電力系統能力,Gasket 拉伸,Wendell,Gasket 拉伸,raw_text,Max. 15kgf,,,,Max. 15kgf,電力系統能力,9,10,
電力系統能力,水塔與冰水機,Wendell,水塔與冰水機,cooling_capacity,80,RT,,,"新店2場地配有80 RT水塔。
土城 冰水主機 80RT+100RT
土城水塔 225RT+150RT",電力系統能力,10,10,
電力系統能力,水塔與冰水機,Wendell,水塔與冰水機,cooling_capacity,80,RT,,,"新店2場地配有80 RT水塔。
土城 冰水主機 80RT+100RT
土城水塔 225RT+150RT",電力系統能力,10,10,
電力系統能力,水塔與冰水機,Wendell,水塔與冰水機,cooling_capacity,100,RT,,,"新店2場地配有80 RT水塔。
土城 冰水主機 80RT+100RT
土城水塔 225RT+150RT",電力系統能力,10,10,
電力系統能力,水塔與冰水機,Wendell,水塔與冰水機,cooling_capacity,225,RT,,,"新店2場地配有80 RT水塔。
土城 冰水主機 80RT+100RT
土城水塔 225RT+150RT",電力系統能力,10,10,
電力系統能力,水塔與冰水機,Wendell,水塔與冰水機,cooling_capacity,150,RT,,,"新店2場地配有80 RT水塔。
土城 冰水主機 80RT+100RT
土城水塔 225RT+150RT",電力系統能力,10,10,
電力系統能力,備註:,Wendell,備註:,raw_text,"新店場地 : 新北市新店區寶橋路235巷
龜山場地 : 333桃園市龜山區東舊路街118巷101號
=> 可以支援充放電測試
新店2 +I12:K12場地: 新北市新店區寶橋路235巷
=> 配有獨立水塔，可供水冷系統測試使用
土城場地: 236新北市土城區慶和街26號
=> 配有獨立水塔，也會配置冰水機",,,,"新店場地 : 新北市新店區寶橋路235巷
龜山場地 : 333桃園市龜山區東舊路街118巷101號
=> 可以支援充放電測試
新店2 +I12:K12場地: 新北市新店區寶橋路235巷
=> 配有獨立水塔，可供水冷系統測試使用
土城場地: 236新北市土城區慶和街26號
=> 配有獨立水塔，也會配置冰水機",電力系統能力,11,10,
AI相關產品,,Wendell,,raw_text,2026 UL 規費,,,,2026 UL 規費,AI相關產品,1,4,
AI相關產品,,Wendell,,raw_text,產品,,,,產品,AI相關產品,2,1,
AI相關產品,,Wendell,,raw_text,標準費用與週期,,,,標準費用與週期,AI相關產品,2,2,
AI相關產品,,Wendell,,raw_text,經驗與能力,,,,經驗與能力,AI相關產品,2,3,
AI相關產品,,Wendell,Rack Server,power,100,kW,,,"100KW，30萬，+ KW/per NTD 20,000",AI相關產品,3,2,
AI相關產品,,Wendell,Rack Server,fee,20000,NTD,,,"100KW，30萬，+ KW/per NTD 20,000",AI相關產品,3,2,
AI相關產品,,Wendell,Rack Server,power,4,kW,,,< 4KW : USD 14K ; > 4KW : USD 24K,AI相關產品,3,4,
AI相關產品,,Wendell,Rack Server,power,4,kW,,,< 4KW : USD 14K ; > 4KW : USD 24K,AI相關產品,3,4,
AI相關產品,,Wendell,Rack Server,fee,14000,USD,,,< 4KW : USD 14K ; > 4KW : USD 24K,AI相關產品,3,4,
AI相關產品,,Wendell,Rack Server,fee,24000,USD,,,< 4KW : USD 14K ; > 4KW : USD 24K,AI相關產品,3,4,
AI相關產品,,Wendell,Server,power,20,kW,,,10~20KW，NTD 10萬，+10KW/per  1萬,AI相關產品,4,2,
AI相關產品,,Wendell,Server,power,10,kW,,,10~20KW，NTD 10萬，+10KW/per  1萬,AI相關產品,4,2,
AI相關產品,,Wendell,Server,fee,10,NTD,,,10~20KW，NTD 10萬，+10KW/per  1萬,AI相關產品,4,2,
AI相關產品,,Wendell,Server,raw_text,目前已4-10U Server為主，逐步建立L10 to L11 or L12 Rack Server測試能力,,,,目前已4-10U Server為主，逐步建立L10 to L11 or L12 Rack Server測試能力,AI相關產品,4,3,
AI相關產品,,Wendell,Server,power,4,kW,,,< 4KW : USD 10K ; 4KW~8KW : USD 20K(17%),AI相關產品,4,4,
AI相關產品,,Wendell,Server,power,4,kW,,,< 4KW : USD 10K ; 4KW~8KW : USD 20K(17%),AI相關產品,4,4,
AI相關產品,,Wendell,Server,power,8,kW,,,< 4KW : USD 10K ; 4KW~8KW : USD 20K(17%),AI相關產品,4,4,
AI相關產品,,Wendell,Server,fee,10000,USD,,,< 4KW : USD 10K ; 4KW~8KW : USD 20K(17%),AI相關產品,4,4,
AI相關產品,,Wendell,Server,fee,20000,USD,,,< 4KW : USD 10K ; 4KW~8KW : USD 20K(17%),AI相關產品,4,4,
AI相關產品,,Wendell,Switch,fee,50000,NTD,,,"NTD 50,000 ~70,000 by Power + 25,000 (Class III多Port機架式)",AI相關產品,5,2,
AI相關產品,,Wendell,Switch,raw_text,大量測試經驗，不只針對AI 領域,,,,大量測試經驗，不只針對AI 領域,AI相關產品,5,3,
AI相關產品,,Wendell,Switch,power,4,kW,,,USD 9K ; USD15K (4KW)(33%~22%),AI相關產品,5,4,
AI相關產品,,Wendell,Switch,fee,9000,USD,,,USD 9K ; USD15K (4KW)(33%~22%),AI相關產品,5,4,
AI相關產品,,Wendell,Switch,fee,15000,USD,,,USD 9K ; USD15K (4KW)(33%~22%),AI相關產品,5,4,
AI相關產品,,Wendell,BBU,raw_text,20萬，Hvdc規格50萬,,,,20萬，Hvdc規格50萬,AI相關產品,6,2,
AI相關產品,,Wendell,BBU,raw_text,承接過台達與緯創力超級電容BBU數案,,,,承接過台達與緯創力超級電容BBU數案,AI相關產品,6,3,
AI相關產品,,Wendell,BBU,power,5.5,kW,,,< 5.5KW : USD 15K(44%) ; > 5.5KW : USD 25K(66%),AI相關產品,6,4,
AI相關產品,,Wendell,BBU,power,5.5,kW,,,< 5.5KW : USD 15K(44%) ; > 5.5KW : USD 25K(66%),AI相關產品,6,4,
AI相關產品,,Wendell,BBU,fee,15000,USD,,,< 5.5KW : USD 15K(44%) ; > 5.5KW : USD 25K(66%),AI相關產品,6,4,
AI相關產品,,Wendell,BBU,fee,25000,USD,,,< 5.5KW : USD 15K(44%) ; > 5.5KW : USD 25K(66%),AI相關產品,6,4,
AI相關產品,,Wendell,CDU,raw_text,30萬 (by產品差異大),,,,30萬 (by產品差異大),AI相關產品,7,2,
AI相關產品,,Wendell,CDU,raw_text,承接光寶for Dell 案件。另外EMC部分協助Cooler Master 幾個大型案件,,,,承接光寶for Dell 案件。另外EMC部分協助Cooler Master 幾個大型案件,AI相關產品,7,3,
AI相關產品,,Wendell,CDU,fee,20000,USD,,,USD 20K~ USD 24K(50%),AI相關產品,7,4,
AI相關產品,,Wendell,CDU,fee,24000,USD,,,USD 20K~ USD 24K(50%),AI相關產品,7,4,
AI相關產品,,Wendell,AI Power,raw_text,40萬，Hvdc規格50萬,,,,40萬，Hvdc規格50萬,AI相關產品,8,2,
AI相關產品,,Wendell,AI Power,power,5.5,kW,,,5.5KW~10KW: USD 21K (67%),AI相關產品,8,4,
AI相關產品,,Wendell,AI Power,power,10,kW,,,5.5KW~10KW: USD 21K (67%),AI相關產品,8,4,
AI相關產品,,Wendell,AI Power,fee,21000,USD,,,5.5KW~10KW: USD 21K (67%),AI相關產品,8,4,
AI相關產品,,Wendell,Power Shelf,raw_text,40萬，Hvdc規格50萬,,,,40萬，Hvdc規格50萬,AI相關產品,9,2,
AI相關產品,,Wendell,Power Shelf,power,2000,W,,,尚未實際執行過案件，有2000W power 案件執行經驗,AI相關產品,9,3,
AI相關產品,,Wendell,Power Shelf,power,33,kW,,,"USD 10K , 33KW~66KW :USD 35K(50%) >66KW :USD44K",AI相關產品,9,4,
AI相關產品,,Wendell,Power Shelf,power,66,kW,,,"USD 10K , 33KW~66KW :USD 35K(50%) >66KW :USD44K",AI相關產品,9,4,
AI相關產品,,Wendell,Power Shelf,power,66,kW,,,"USD 10K , 33KW~66KW :USD 35K(50%) >66KW :USD44K",AI相關產品,9,4,
AI相關產品,,Wendell,Power Shelf,fee,10000,USD,,,"USD 10K , 33KW~66KW :USD 35K(50%) >66KW :USD44K",AI相關產品,9,4,
AI相關產品,,Wendell,Power Shelf,fee,35000,USD,,,"USD 10K , 33KW~66KW :USD 35K(50%) >66KW :USD44K",AI相關產品,9,4,
AI相關產品,,Wendell,Power Shelf,fee,44000,USD,,,"USD 10K , 33KW~66KW :USD 35K(50%) >66KW :USD44K",AI相關產品,9,4,
AI相關產品,,Wendell,Busbar,raw_text,還沒做過，需待提供內容評估,,,,還沒做過，需待提供內容評估,AI相關產品,10,2,
AI相關產品,,Wendell,Busbar,raw_text,未執行過,,,,未執行過,AI相關產品,10,3,
AI相關產品,,Wendell,Busbar,power,70,kW,,,USD 12K or USD 17K (70KW),AI相關產品,10,4,
AI相關產品,,Wendell,Busbar,fee,12000,USD,,,USD 12K or USD 17K (70KW),AI相關產品,10,4,
AI相關產品,,Wendell,Busbar,fee,17000,USD,,,USD 12K or USD 17K (70KW),AI相關產品,10,4,
AI相關產品,,Wendell,Connector,raw_text,非資訊類,,,,非資訊類,AI相關產品,11,2,
AI相關產品,,Wendell,Connector,raw_text,與安菲諾討論超高電流測試合作中,,,,與安菲諾討論超高電流測試合作中,AI相關產品,11,3,
